-- phpMyAdmin SQL Dump
-- version 3.2.0.1
-- http://www.phpmyadmin.net
--
-- Host: localhost
-- Generation Time: Mar 26, 2011 at 11:06 PM
-- Server version: 5.1.36
-- PHP Version: 5.3.0

SET SQL_MODE="NO_AUTO_VALUE_ON_ZERO";


/*!40101 SET @OLD_CHARACTER_SET_CLIENT=@@CHARACTER_SET_CLIENT */;
/*!40101 SET @OLD_CHARACTER_SET_RESULTS=@@CHARACTER_SET_RESULTS */;
/*!40101 SET @OLD_COLLATION_CONNECTION=@@COLLATION_CONNECTION */;
/*!40101 SET NAMES utf8 */;

--
-- Database: `demo`
--
DROP DATABASE `demo`;
CREATE DATABASE `demo` DEFAULT CHARACTER SET latin1 COLLATE latin1_swedish_ci;
USE `demo`;

-- --------------------------------------------------------

--
-- Stand-in structure for view `capital_cities_view`
--
CREATE TABLE IF NOT EXISTS `capital_cities_view` (
`TopicName` varchar(200)
);
-- --------------------------------------------------------

--
-- Stand-in structure for view `celebrity_topics_view`
--
CREATE TABLE IF NOT EXISTS `celebrity_topics_view` (
`topicname` varchar(200)
);
-- --------------------------------------------------------

--
-- Table structure for table `correctfacts`
--

CREATE TABLE IF NOT EXISTS `correctfacts` (
  `ItemID` int(10) unsigned NOT NULL DEFAULT '0',
  `ItemName` varchar(500) CHARACTER SET utf8 COLLATE utf8_bin NOT NULL,
  `topicID` int(11) NOT NULL
) ENGINE=MyISAM DEFAULT CHARSET=latin1;

--
-- Dumping data for table `correctfacts`
--


-- --------------------------------------------------------

--
-- Table structure for table `globalvariables`
--

CREATE TABLE IF NOT EXISTS `globalvariables` (
  `key` varchar(50) COLLATE utf8_bin NOT NULL,
  `value` varchar(50) COLLATE utf8_bin NOT NULL
) ENGINE=InnoDB DEFAULT CHARSET=utf8 COLLATE=utf8_bin;

--
-- Dumping data for table `globalvariables`
--

INSERT INTO `globalvariables` (`key`, `value`) VALUES
('currentCategoryID', '11');

-- --------------------------------------------------------

--
-- Table structure for table `items`
--

CREATE TABLE IF NOT EXISTS `items` (
  `id` int(10) unsigned NOT NULL AUTO_INCREMENT,
  `name` varchar(500) COLLATE utf8_bin NOT NULL,
  `topicID` int(11) NOT NULL,
  PRIMARY KEY (`id`),
  KEY `topicID` (`topicID`),
  KEY `name` (`name`(255))
) ENGINE=InnoDB  DEFAULT CHARSET=utf8 COLLATE=utf8_bin AUTO_INCREMENT=1047 ;

--
-- Dumping data for table `items`
--

INSERT INTO `items` (`id`, `name`, `topicID`) VALUES
(1, 'moscow', 1),
(2, 'st petersburg', 1),
(3, 'novgorod', 1),
(4, 'kiev', 1),
(5, 'tashkent', 1),
(6, 'baku', 1),
(7, 'erevan', 1),
(8, 'riga', 1),
(9, 'tbilisi', 1),
(10, 'washington', 2),
(11, 'new york', 2),
(12, 'seattle', 2),
(13, 'atlanta', 2),
(14, 'san francisco', 2),
(15, 'san diego', 2),
(16, 'chicago', 2),
(17, 'huston', 2),
(18, 'philadelphia', 2),
(19, 'paris', 3),
(20, 'berlin', 3),
(21, 'amsterdam', 3),
(22, 'lyon', 3),
(23, 'nice', 3),
(24, 'marselle', 3),
(25, 'rome', 3),
(26, 'neaples', 3),
(27, 'madrid', 3),
(28, 'madrid', 4),
(29, 'barselona', 4),
(30, 'malaga', 4),
(31, 'granada', 4),
(32, 'seville', 4),
(33, 'paris', 4),
(34, 'nice', 4),
(35, 'neaples', 4),
(36, 'berlin', 4),
(37, 'berlin', 5),
(38, 'frankfurt', 5),
(39, 'hanover', 5),
(40, 'dusseldorf', 5),
(41, 'dortmund', 5),
(42, 'leibzig', 5),
(43, 'bremen', 5),
(44, 'rome', 5),
(45, 'vena', 5),
(46, 'london', 6),
(47, 'oxford', 6),
(48, 'manchester', 6),
(49, 'liverpool', 6),
(50, 'edinborough', 6),
(51, 'glasgow', 6),
(52, 'falkirk', 6),
(53, 'chester', 6),
(54, 'nice', 6),
(55, 'deli', 7),
(56, 'bombey', 7),
(57, 'pune', 7),
(58, 'mumbai', 7),
(59, 'calcutta', 7),
(60, 'chennai', 7),
(61, 'bangalore', 7),
(62, 'kanpur', 7),
(63, 'agra', 7),
(64, 'jerusalem', 8),
(65, 'maalot', 8),
(66, 'carmiel', 8),
(67, 'tel aviv', 8),
(68, 'beer sheva', 8),
(69, 'ramat gan', 8),
(70, 'holon', 8),
(71, 'haifa', 8),
(72, 'ashdod', 8),
(73, 'tokyo', 9),
(74, 'yokohama', 9),
(75, 'osaka', 9),
(76, 'nagoya', 9),
(77, 'kyoto', 9),
(78, 'bejin', 9),
(79, 'seul', 9),
(80, 'kawasaki', 9),
(81, 'nagasaki', 9),
(82, 'ottawa', 10),
(83, 'quebec', 10),
(84, 'vancouver', 10),
(85, 'toronto', 10),
(86, 'victoria', 10),
(87, 'montreal', 10),
(88, 'seattle', 10),
(89, 'winnipeg', 10),
(90, 'calgary', 10),
(91, 'samuel', 11),
(92, 'mark', 11),
(93, 'isaac', 11),
(94, 'mike', 11),
(95, 'molly', 11),
(96, 'benjamin', 11),
(97, 'stefani', 12),
(98, 'gaga', 12),
(99, 'lala', 12),
(100, 'tutu', 12),
(101, 'mumu', 12),
(102, 'angelina', 12),
(103, 'jenifer', 12),
(104, 'john', 12),
(105, 'madonna', 13),
(106, 'veronica', 13),
(107, 'stefani', 13),
(108, 'angelina', 13),
(109, 'julia', 13),
(110, 'lisa', 13),
(111, 'patty', 13),
(112, 'gordon', 14),
(113, 'john', 14),
(114, 'james', 14),
(115, 'larry', 14),
(116, 'george', 14),
(117, 'leonard', 14),
(118, 'brycon', 14),
(119, 'mike', 14),
(120, 'sheldon', 14),
(121, 'marshall', 15),
(122, 'bruce', 15),
(123, 'jack', 15),
(124, 'roy', 15),
(125, 'vincent', 15),
(126, 'eric', 15),
(127, 'daniel', 15),
(128, 'panayiotou', 16),
(129, 'michael', 16),
(130, 'george', 16),
(131, 'rabinovich', 16),
(132, 'fritz', 16),
(133, 'lee', 16),
(134, 'friends', 35),
(135, 'seinfeld', 35),
(136, 'how i met your mother', 35),
(137, 'grey\\''s anatomy', 35),
(138, 'srugim', 35),
(139, 'frasier', 35),
(140, 'in treatment', 35),
(141, 'sex and the city', 35),
(142, 'everybody loves raymond', 35),
(143, 'raimond', 35),
(144, 'csi', 35),
(145, 'lost', 35),
(146, 'murder she wrote', 35),
(147, 'star trek', 35),
(148, 'star trek tos', 35),
(149, 'star trek tng', 35),
(150, 'star trek the next generation', 35),
(151, 'star trek the original series', 35),
(152, 'star trek enterprise', 35),
(153, 'babylon 5', 35),
(154, 'babylon five', 35),
(155, 'the practice', 35),
(156, 'boston public', 35),
(157, 'boston legal', 35),
(158, 'sarah silverman', 35),
(159, 'la law', 35),
(160, 'hill street blues', 35),
(161, 'law and order', 35),
(162, '24', 35),
(163, 'csi miami', 35),
(164, 'house', 35),
(165, 'csi new york', 35),
(166, 'dexter', 35),
(167, 'coupling', 35),
(168, 'star trek voyager', 35),
(169, 'deep space nine', 35),
(170, 'jag', 35),
(171, 'the famous five', 35),
(172, 'famous five', 35),
(173, 'prison break', 35),
(174, 'grey''s anatomy', 35),
(175, 'gossip girl', 35),
(176, 'er', 35),
(177, 'desperate housewives', 35),
(178, 'hawaii five o', 35),
(179, 'hawaii 50', 35),
(180, 'mission impossible', 35),
(181, 'the simpsons', 35),
(182, 'simpsons', 35),
(183, 'battlestar galactica', 35),
(184, 'dynasty', 35),
(185, 'love and marriage', 35),
(186, 'love and married', 35),
(187, 'five feet under', 35),
(188, 'relationship', 35),
(189, 'singles', 35),
(190, '30 something', 35),
(191, 'thirtysomething', 35),
(192, 'alf', 35),
(193, 'bonanza', 35),
(194, 'close close', 35),
(195, 'krovim krovim', 35),
(196, 'x men', 35),
(197, 'a teem', 35),
(198, 'curb your enthusiasm', 35),
(199, 'superman', 35),
(200, 'smallville', 35),
(201, 'baffy', 35),
(202, '3rd watch', 35),
(203, 'cheers', 35),
(204, 'six feet under', 35),
(205, 'sugar rush', 35),
(206, '6 feet under', 35),
(207, 'the sopranos', 35),
(208, 'sopranos', 35),
(209, 'heroes', 35),
(210, 'bones', 35),
(211, 'private practice', 35),
(212, 'terminator', 35),
(213, 'lie to me', 35),
(214, 'doctor house', 35),
(215, 'leverage', 35),
(216, 'a-team', 35),
(217, 'twenty four', 35),
(218, 'the love boat', 35),
(219, 'csi ny', 35),
(220, 'that 70''s show', 35),
(221, 'news radio', 35),
(222, 'king of queens', 35),
(223, 'the office', 35),
(224, 'growing pains', 35),
(225, 'ally mcbeal', 35),
(226, 'married with children', 35),
(227, 'cosby show', 35),
(228, 'dharma and greg', 35),
(229, 'beverly hills', 35),
(230, '90210', 35),
(231, 'west wing', 35),
(232, 'melrose place', 35),
(233, 'the west wing', 35),
(234, 'xena', 35),
(235, '100 winners', 35),
(236, '60 minutes', 35),
(237, '6teen', 35),
(238, 'e.r.', 35),
(239, 'e r', 35),
(240, '704 hauser', 35),
(241, 'chicago hope', 35),
(242, '8 simple rules', 35),
(243, 'wild on!', 35),
(244, 'wife swap', 35),
(245, 'whistler', 35),
(246, 'while you were out', 35),
(247, 'wheel of fortune 2000', 35),
(248, 'wheel of fortune', 35),
(249, 'practice', 35),
(250, 'what i like about you', 35),
(251, 'weeds', 35),
(252, 'west 57th', 35),
(253, 'parpar nehmad', 35),
(254, 'west point story', 35),
(255, 'waltons', 35),
(256, 'becker', 35),
(257, 'coyote', 35),
(258, 'king of the hill', 35),
(259, 'futurama', 35),
(260, 'action', 35),
(261, 'acme hour', 35),
(262, 'frazier', 35),
(263, 'after dark', 35),
(264, 'adventures of superman', 35),
(265, 'family guy', 35),
(266, 'bagpuss', 35),
(267, 'babes', 35),
(268, 'babestation', 35),
(269, 'american dad', 35),
(270, 'batman', 35),
(271, 'battery park', 35),
(272, 'baywatch', 35),
(273, 'baywatch nights', 35),
(274, 'beat the clock', 35),
(275, 'beastmaster', 35),
(276, 'survivor', 35),
(277, 'beat the chef', 35),
(278, 'being ian', 35),
(279, 'transformers', 35),
(280, 'x-men', 35),
(281, 'spider-man', 35),
(282, 'the cosby show', 35),
(283, 'two and a half men', 35),
(284, 'freisure', 35),
(285, 'rozanne', 35),
(286, 'zehu ze', 35),
(287, 'kishkashta', 35),
(288, 'lucky luke', 35),
(289, 'gilmore girls', 35),
(290, 'family man', 35),
(291, 'buffy the vampire slayer', 35),
(292, 'angel', 35),
(293, 'buffy', 35),
(294, 'comedy club', 35),
(295, 'captain planet', 35),
(296, 'american idol', 35),
(297, 'power rangers', 35),
(298, 'teenage mutant ninja turtles', 35),
(299, 'flintstones', 35),
(300, 'animaniacs', 35),
(301, 'ducktales', 35),
(302, 'winnie the pooh', 35),
(303, 'meet john doe', 35),
(304, 'white house', 35),
(305, 'brown', 36),
(306, 'berkeley', 36),
(307, 'stanford', 36),
(308, 'yale', 36),
(309, 'mit', 36),
(310, 'nyu', 36),
(311, 'princeton', 36),
(312, 'northwestern', 36),
(313, 'ucsc', 36),
(314, 'ucsd', 36),
(315, 'harvard', 36),
(316, 'tufts', 36),
(317, 'ucla', 36),
(318, 'columbia', 36),
(319, 'northeastern', 36),
(320, 'kellogg', 36),
(321, 'texas a&m', 36),
(322, 'colombia', 36),
(323, 'cornell', 36),
(324, 'florida university', 36),
(325, 'uc davis', 36),
(326, 'ucsb', 36),
(327, 'uiuc', 36),
(328, 'yeshiva university', 36),
(329, 'dortmund', 36),
(330, 'new york', 36),
(331, 'cmu', 36),
(332, 'chicago', 36),
(333, 'abilene christian university', 36),
(334, 'adrian college', 36),
(335, 'air force institute of technology', 36),
(336, ' 	university of california', 36),
(337, ' 	massachusetts institute of technology', 36),
(338, ' 	california institute of technology', 36),
(339, ' 	university of texas', 36),
(340, ' 	stanford university', 36),
(341, ' 	university of wisconsin', 36),
(342, ' 	university of michigan', 36),
(343, ' 	johns hopkins university', 36),
(344, ' 	columbia university', 36),
(345, 'yeil', 36),
(346, 'wustl', 36),
(347, 'oxford', 36),
(348, 'cambridge', 36),
(349, 'yell', 36),
(350, 'gabi ashkenazi', 36),
(351, 'caltech', 36),
(352, 'haim bar-lev', 36),
(353, 'rafael eitan', 36),
(354, 'yaakov dori', 36),
(355, 'haim laskov', 36),
(356, 'dan shomron', 36),
(357, 'shaul mofaz', 36),
(358, 'yigael yadin', 36),
(359, 'moshe ya''alon', 36),
(360, 'emory', 36),
(361, 'university of pennsylvania', 36),
(362, 'duke', 36),
(363, 'massachusetts institute of technology', 36),
(364, 'california institute of technology', 36),
(365, 'duke university', 36),
(366, 'e', 36),
(367, 'washington university', 36),
(368, 'ethiopia', 36),
(369, 'boston', 36),
(370, 'umd', 36),
(371, 'champain melon', 36),
(372, 'uci', 36),
(373, 'georgia tech', 36),
(374, 'north carolina', 36),
(375, 'penn', 36),
(376, 'penn state', 36),
(377, 'njit', 36),
(378, 'michigan', 36),
(379, 'california', 36),
(380, 'ohio state', 36),
(381, 'usc', 36),
(382, 'florida state', 36),
(383, 'worton', 36),
(384, 'wharton', 36),
(385, 'upenn', 36),
(386, 'georgetown', 36),
(387, 'boston college', 36),
(388, 'babson college', 36),
(389, 'darby', 36),
(390, 'derby', 36),
(391, 'uc berkeley', 36),
(392, 'new york state', 36),
(393, 'north carolina state', 36),
(394, 'uconn', 36),
(395, 'tom cruise', 37),
(396, 'paul newman', 37),
(397, 'tom hanks', 37),
(398, 'arnold schwarzenegger', 37),
(399, 'tom cruz', 37),
(400, 'sylvester stallone', 37),
(401, 'henry fonda', 37),
(402, 'jean fonda', 37),
(403, 'richard pryor', 37),
(404, 'john belushi', 37),
(405, 'johnny depp', 37),
(406, 'robin williams', 37),
(407, 'jim carrey', 37),
(408, 'will smith', 37),
(409, 'brad pitt', 37),
(410, 'denzel washington', 37),
(411, 'matt damon', 37),
(412, 'george clooney', 37),
(413, 'pirce prosnen', 37),
(414, 'shawn penn', 37),
(415, 'bruce willis', 37),
(416, 'angilina jouly', 37),
(417, 'woody allen', 37),
(418, 'charlie chaplin', 37),
(419, 'arnold shvarneger', 37),
(420, 'robert de niro', 37),
(421, 'jack nicholson', 37),
(422, 'jeff bridges', 37),
(423, 'eddie murphy', 37),
(424, 'steve martin', 37),
(425, 'james belushi', 37),
(426, 'james dean', 37),
(427, 'john malcovitz', 37),
(428, 'arnold schwartzeneger', 37),
(429, 'ben stiller', 37),
(430, 'ben kingsley', 37),
(431, 'james stewart', 37),
(432, 'clint eastwood', 37),
(433, 'john malkovich', 37),
(434, 'elvis presley', 37),
(435, 'elvis', 37),
(436, 'leonardo dicaprio', 37),
(437, 'danny devito', 37),
(438, 'harrison ford', 37),
(439, 'kevin spacey', 37),
(440, 'ice t', 37),
(441, 'ice cube', 37),
(442, 'steve carell', 37),
(443, 'antonio banderas', 37),
(444, 'adam sandler', 37),
(445, 'george cloni', 37),
(446, 'sean connery', 37),
(447, 'charlton heston', 37),
(448, 'mark hamill', 37),
(449, 'keanu reeves', 37),
(450, 'charles bronson', 37),
(451, 'chuck norris', 37),
(452, 'michael dudikoff', 37),
(453, 'johnny damon', 37),
(454, 'jackie chan', 37),
(455, 'al pacino', 37),
(456, 'robert redford', 37),
(457, 'harry sinise', 37),
(458, 'marlon brando', 37),
(459, 'nicolas cage', 37),
(460, 'mel gibson', 37),
(461, 'dustin hoffman', 37),
(462, 'donald sutherland', 37),
(463, 'lee majors', 37),
(464, 'elizabeth taylor', 37),
(465, 'charlie sean', 37),
(466, 'michael jackson', 37),
(467, 'humphrey bogart', 37),
(468, 'robert mitchum ', 37),
(469, 'yul brynner', 37),
(470, 'richard burton ', 37),
(471, 'james earl jones', 37),
(472, 'wesley snipes', 37),
(473, 'jeremy irons', 37),
(474, 'grace kelly', 37),
(475, 'sandra bullock', 37),
(476, 'nicole kidman', 38),
(477, 'madonna', 38),
(478, 'marilyn monroe', 38),
(479, 'angelina jolie', 38),
(480, 'meryl streep', 38),
(481, 'jennifer aniston', 38),
(482, 'meril strip', 38),
(483, ' gila almagor', 38),
(484, 'kate winslet', 38),
(485, 'julia roberts', 38),
(486, 'cher', 38),
(487, 'evita', 38),
(488, 'joan crawford', 38),
(489, 'gilda radner', 38),
(490, 'gila almagor', 38),
(491, 'pamela anderson', 38),
(492, 'jane fonda', 38),
(493, 'farrah fawcett', 38),
(494, 'mia pharo', 38),
(495, 'halle berry', 38),
(496, 'juliette binoche', 38),
(497, 'elizabeth taylor', 38),
(498, 'daryl hannah', 38),
(499, 'cate blanchett', 38),
(500, 'cameron diaz', 38),
(501, 'catherine zeta jones', 38),
(502, 'kate hudson', 38),
(503, 'gwyneth paltrow', 38),
(504, 'helen hunt', 38),
(505, 'goldie hawn', 38),
(506, 'ris witherspoon', 38),
(507, 'jodie foster', 38),
(508, 'michelle pfeiffer', 38),
(509, 'jamie lee curtis', 38),
(510, 'jenna jameson', 38),
(511, 'jennifer lopez', 38),
(512, 'tera patrick', 38),
(513, 'jennifer love huiet', 38),
(514, 'barbra streisand', 38),
(515, 'ayelet zorer', 38),
(516, 'ix', 38),
(517, 'natalie portman', 38),
(518, 'sandra bullock', 38),
(519, 'sharon stone', 38),
(520, 'sylvia saint', 38),
(521, 'marline monroe', 38),
(522, 'anna nicole smith', 38),
(523, 'jennifer garner', 38),
(524, 'kendis bergen', 38),
(525, 'brigitte bardot', 38),
(526, 'gina lulubirgida', 38),
(527, 'helen mirren', 38),
(528, 'jennifer conley', 38),
(529, 'demi moore', 38),
(530, 'drew barrymore', 38),
(531, 'marisa tomei', 38),
(532, 'meg ryan', 38),
(533, 'melanie griffith', 38),
(534, 'reese witherspoon', 38),
(535, 'lucy liu', 38),
(536, 'brittany murphy', 38),
(537, 'beyonce', 38),
(538, 'j lo', 38),
(539, 'marisa tomay', 38),
(540, 'carmen electra', 38),
(541, 'milla jovovich ', 38),
(542, ' sigourney weaver ', 38),
(543, ' jodie foster ', 38),
(544, 'alicia silverstone', 38),
(545, 'calista flockhart', 38),
(546, 'courteney cox', 38),
(547, 'sarah michelle gellar', 38),
(548, 'merril strip', 38),
(549, 'merrill strip', 38),
(550, 'julie andrews', 38),
(551, 'lauren bacall ', 38),
(552, 'ingrid bergman ', 38),
(553, 'bette davis', 38),
(554, 'doris day', 38),
(555, 'bette midler', 38),
(556, 'elal', 39),
(557, 'lufthansa', 39),
(558, 'el al', 39),
(559, 'pan am', 39),
(560, 'twa', 39),
(561, 'british airways', 39),
(562, 'american airlines', 39),
(563, 'air france', 39),
(564, 'swiss', 39),
(565, 'swissair', 39),
(566, 'bangkok airways', 39),
(567, 'sabena', 39),
(568, 'air canada', 39),
(569, 'arkia', 39),
(570, 'israair', 39),
(571, 'swiss airlines', 39),
(572, 'alitalia', 39),
(573, 'continental', 39),
(574, 'united airlines', 39),
(575, 'tower air', 39),
(576, 'american eagle', 39),
(577, 'cathay pacific', 39),
(578, 'turkish airlines', 39),
(579, 'klm', 39),
(580, 'united', 39),
(581, 'american', 39),
(582, 'aer lingus', 39),
(583, 'aeroflot', 39),
(584, 'turkish', 39),
(585, 'singapore airlines', 39),
(586, 'thai air', 39),
(587, 'delta', 39),
(588, 'ethiopian', 39),
(589, 'korean air', 39),
(590, 'singapore', 39),
(591, 'thai airlines', 39),
(592, 'sundor', 39),
(593, 'british airlines', 39),
(594, 'czech airline', 39),
(595, 'jet airways', 39),
(596, 'tower', 39),
(597, 'air india ', 39),
(598, 'aloha airlines', 39),
(599, 'air jordanian', 39),
(600, 'sas', 39),
(601, 'jetblue', 39),
(602, 'easyjet', 39),
(603, 'ryanair', 39),
(604, 'lot', 39),
(605, 'varig', 39),
(606, 'tam', 39),
(607, 'iberia', 39),
(608, 'hayley cropper ', 39),
(609, 'continental airlines', 39),
(610, 'southwest airlines', 39),
(611, 'neos', 39),
(612, 'british', 39),
(613, 'air italy', 39),
(614, 'bmi', 39),
(615, 'southwestern', 39),
(616, 'korean airline', 39),
(617, 'israir', 39),
(618, 'delta airlines', 39),
(619, 'sandor', 39),
(620, 'emirates airline', 39),
(621, 'all nippon airways', 39),
(622, 'new zealand airlines', 39),
(623, 'jordan airlines', 39),
(624, 'a', 39),
(625, 'ansett', 39),
(626, 'air new zealand', 39),
(627, 'qantas', 39),
(628, 'katai', 39),
(629, 'czech airlines', 39),
(630, 'swiss air', 39),
(631, 'suvarnabhumi', 40),
(632, 'jfk', 40),
(633, 'newark', 40),
(634, 'laguardia', 40),
(635, 'ben-gurion', 40),
(636, 'lax', 40),
(637, 'heathrow', 40),
(638, 'orly', 40),
(639, 'charles de-gaulle', 40),
(640, 'pearson', 40),
(641, 'ronald reagan', 40),
(642, 'stockhausen', 40),
(643, 'stockhausen', 40),
(644, 'geneve', 40),
(645, 'frankfurt', 40),
(646, 'de gole', 40),
(647, 'schiphol', 40),
(648, 'verona', 40),
(649, 'rome', 40),
(650, 'india', 40),
(651, 'o''hare', 40),
(652, 'kennedy', 40),
(653, 'ben gurion', 40),
(654, 'los angeles', 40),
(655, 'tlv', 40),
(656, 'san jose international', 40),
(657, 'hongqiao', 40),
(658, 'san francisco international', 40),
(659, 'orlie', 40),
(660, 'charles de gaulle', 40),
(661, 'ovda', 40),
(662, 'john f kennedy', 40),
(663, 'eilat', 40),
(664, 'stansted', 40),
(665, 'ataturk airport', 40),
(666, 'dulles', 40),
(667, 'oakland', 40),
(668, 'candy bars', 40),
(669, 'gatwick', 40),
(670, 'natbag', 40),
(671, 'luton', 40),
(672, '	anaa airport', 40),
(673, 'arapoti ', 40),
(674, 'mala mala', 40),
(675, 'rebbetzin', 40),
(676, 'sde dov', 40),
(677, 'birmingham', 40),
(678, 'haifa', 40),
(679, 'dothan', 40),
(680, 'mobile', 40),
(681, 'machanaim', 40),
(682, 'montgomery', 40),
(683, 'dillingham', 40),
(684, 'yuma', 40),
(685, 'phoenix', 40),
(686, 'flagstaff pulliam airport', 40),
(687, 'los angeles international airport', 40),
(688, 'arcata airport', 40),
(689, 'bob hope airport', 40),
(690, 'toronto pearson', 40),
(691, 'ohare', 40),
(692, 'adr', 40),
(693, 'fiumicino', 40),
(694, 'iad dulles', 40),
(695, 'charles de gole', 40),
(696, 'sfx', 40),
(697, 'la guardia', 40),
(698, 'sharel des gaul', 40),
(699, 'tokyo international airport', 40),
(700, 'beijing capital international airport', 40),
(701, 'hartsfield-jackson atlanta international airport', 40),
(702, 'tel aviv', 40),
(703, 'leonardo de vinchi', 40),
(704, 'milan', 40),
(705, 'avdat', 40),
(706, 'sharl de gole', 40),
(707, 'mco', 40),
(708, 'berlin', 40),
(709, 'domodedovo', 40),
(710, 'hethrow', 40),
(711, 'cdg', 40),
(712, 'elephant', 41),
(713, 'giraffe', 41),
(714, 'horse', 41),
(715, 'cat', 41),
(716, 'dog', 41),
(717, 'mouse', 41),
(718, 'rabbit', 41),
(719, 'snake', 41),
(720, 'fish', 41),
(721, 'cow', 41),
(722, 'sheep', 41),
(723, 'donkey', 41),
(724, 'snail', 41),
(725, 'bird', 41),
(726, 'shark', 41),
(727, 'lion', 41),
(728, 'leopard', 41),
(729, 'chinchilla', 41),
(730, 'frog', 41),
(731, 'toad', 41),
(732, 'tiger', 41),
(733, 'camel', 41),
(734, 'lizard', 41),
(735, 'rat', 41),
(736, 'guinea pig', 41),
(737, 'pig', 41),
(738, 'bat', 41),
(739, 'penguin', 41),
(740, 'ostrich', 41),
(741, 'kangaroo', 41),
(742, 'deer', 41),
(743, 'kuala', 41),
(744, 'lamb', 41),
(745, 'bear', 41),
(746, 'fly', 41),
(747, 'fruit fly', 41),
(748, 'mosquito', 41),
(749, 'squirrel', 41),
(750, 'whale', 41),
(751, 'dolphin', 41),
(752, 'tuna', 41),
(753, 'bass', 41),
(754, 'eel', 41),
(755, 'butterfly', 41),
(756, 'bee', 41),
(757, 'wasp', 41),
(758, 'shrimp', 41),
(759, 'octopus', 41),
(760, 'squid', 41),
(761, 'wolf', 41),
(762, 'cockroach', 41),
(763, 'rooster', 41),
(764, 'salmon', 41),
(765, 'mammal', 41),
(766, 'monkey', 41),
(767, 'fox', 41),
(768, 'mammoth', 41),
(769, 'zebra', 41),
(770, 'crocodile', 41),
(771, 'duck', 41),
(772, 'chimpanzee', 41),
(773, 'orang utang', 41),
(774, 'oyster', 41),
(775, 'turtle', 41),
(776, 'bolivia', 41),
(777, 'uruguay', 41),
(778, 'scorpion', 41),
(779, 'spider', 41),
(780, 'swallow', 41),
(781, 'crow', 41),
(782, 'flea', 41),
(783, 'hummingbird', 41),
(784, 'cobra', 41),
(785, 'dingo', 41),
(786, 'birds', 41),
(787, 'parakeet', 41),
(788, 'ant', 41),
(789, 'alligator', 41),
(790, 'raven', 41),
(791, 'stork', 41),
(792, 'piranha', 41),
(793, 'turkey', 41),
(794, 'chicken', 41),
(795, 'addax', 41),
(796, 'antelope', 41),
(797, 'armadillo', 41),
(798, 'basilisk', 41),
(799, 'bighorn', 41),
(800, 'buffalo', 41),
(801, 'chameleon', 41),
(802, 'dormouse', 41),
(803, 'coyote', 41),
(804, 'colt', 41),
(805, 'eland', 41),
(806, 'ewe', 41),
(807, 'goat', 41),
(808, 'gnu', 41),
(809, 'moskito', 41),
(810, 'ermine', 41),
(811, 'gazelle', 41),
(812, 'finch', 41),
(813, 'eagle', 41),
(814, 'vulture', 41),
(815, 'hyrax', 41),
(816, 'dassie', 41),
(817, 'jaguar', 41),
(818, 'cheetah', 41),
(819, 'pelican', 41),
(820, 'alpaca', 41),
(821, 'armadil', 41),
(822, 'aoudad', 41),
(823, 'ass', 41),
(824, 'bison', 41),
(825, 'bull', 41),
(826, 'canary', 41),
(827, 'chamois', 41),
(828, 'chipmunk', 41),
(829, 'cony', 41),
(830, 'doe', 41),
(831, 'dromedary', 41),
(832, 'fawn', 41),
(833, 'gopher', 41),
(834, 'guanaco', 41),
(835, 'hartebeest', 41),
(836, 'koala', 41),
(837, 'impala', 41),
(838, 'lovebird', 41),
(839, 'mongoose', 41),
(840, 'lynx', 41),
(841, 'gorilla', 41),
(842, 'dler on the roof', 41),
(843, 'crab', 41),
(844, 'hippo', 41),
(845, 'hippopotamus', 41),
(846, 'snale', 41),
(847, 'marsupial wolf', 41),
(848, 'jackel', 41),
(849, 'hayina', 41),
(850, 'haena', 41),
(851, 'python', 41),
(852, 'sponge', 41),
(853, 'bambi', 41),
(854, 'dear', 41),
(855, 'beetle', 41),
(856, 'tortoise', 41),
(857, 'beaver', 41),
(858, 'badger', 41),
(859, 'cattle', 41),
(860, 'dove', 41),
(861, 'elephant seal', 41),
(862, 'ferret', 41),
(863, 'goldfish', 41),
(864, 'termite', 41),
(865, 'baboon', 41),
(866, 'dinosaur', 41),
(867, 'tucan', 41),
(868, 'dodo', 41),
(869, 'puma', 41),
(870, 'hyena', 41),
(871, 'nutria', 41),
(872, 'groundhog', 41),
(873, 'shrew', 41),
(874, 'aardvark', 41),
(875, 'panda', 41),
(876, 'piglet', 41),
(877, 'snake monkey', 41),
(878, 'spider monkey', 41),
(879, 'possum', 41),
(880, 'mole', 41),
(881, 'surikata', 41),
(882, 'orangutan', 41),
(883, 'meercat', 41),
(884, 'osprey', 41),
(885, 'polecat', 41),
(886, 'skunk', 41),
(887, 'bunny', 41),
(888, 'giant panda', 41),
(889, 'african elephants', 41),
(890, 'antelopes', 41),
(891, 'ape', 41),
(892, 'catfish', 41),
(893, 'bobcats', 41),
(894, 'california condors', 41),
(895, 'condor', 41),
(896, 'california condor', 41),
(897, 'chimpanzees', 41),
(898, 'slug', 41),
(899, 'hedgehog', 41),
(900, 'salamander', 41),
(901, 'goose', 41),
(902, 'mallard', 41),
(903, 'crane', 41),
(904, 'quail', 41),
(905, 'lechwe', 41),
(906, 'llama', 41),
(907, 'hare', 41),
(908, 'conure', 41),
(909, 'cottonmouth', 41),
(910, 'rattlesnake', 41),
(911, 'black mamba', 41),
(912, 'sidewinder', 41),
(913, 'copperhead', 41),
(914, 'fire ant', 41),
(915, 'cicely', 41),
(916, 'panda bear', 41),
(917, 'zebra fish', 41),
(918, 'cod fish', 41),
(919, 'killer whale', 41),
(920, 'iguana', 41),
(921, 'anaconda', 41),
(922, 'pike', 41),
(923, 'trout', 41),
(924, 'lamma', 41),
(925, 'tyrannosaurus rex', 41),
(926, 'guinipig', 41),
(927, 'platypus', 41),
(928, 'caterpillar', 41),
(929, 'duck billed platypus', 41),
(930, 'pikok', 41),
(931, 'worm', 41),
(932, 'praying mantis', 41),
(933, 'moth', 41),
(934, 'swans', 41),
(935, 'bluej', 41),
(936, 'tigris', 41),
(937, 'raccoon', 41),
(938, 'black bear', 41),
(939, 'grizzly bear', 41),
(940, 'rhinoceros', 41),
(941, 'maria kirilenko', 41),
(942, 'hog', 41),
(943, 'hamster', 41),
(944, 'wombat', 41),
(945, 'seal', 41),
(946, 'sea cow', 41),
(947, 'sebastian coe', 42),
(948, 'usain bolt', 42),
(949, 'steve ovett', 42),
(950, 'carl lewis', 42),
(951, 'tyson gay', 42),
(952, 'bob beamon', 42),
(953, 'mike powell', 42),
(954, 'ben jonson', 42),
(955, 'osain bullet', 42),
(956, 'bolt', 42),
(957, 'shahamorov', 42),
(958, 'tiger woods', 42),
(959, 'ossein bolt', 42),
(960, 'esther shachamorov', 42),
(961, 'esapa powell', 42),
(962, 'eusien bult', 42),
(963, 'morice green', 42),
(964, 'jesse owens', 42),
(965, 'sergei bubka', 42),
(966, 'carl luis', 42),
(967, 'nadia komanechy', 42),
(968, 'michael jordan', 42),
(969, 'michael johnson ', 42),
(970, 'lance armstrong', 42),
(971, 'jo flo', 42),
(972, 'merlene ottey', 42),
(973, 'bubka', 42),
(974, 'ester rot shahamorov', 42),
(975, 'said awita', 42),
(976, 'flo jo', 42),
(977, 'jonson', 42),
(978, 'shawn crawford', 42),
(979, 'bernard williams', 42),
(980, 'darren campbell', 42),
(981, 'konstantinos kenteris ', 42),
(982, 'karel louise', 42),
(983, 'alex aberboh', 42),
(984, 'wilfred bungei', 42),
(985, 'lashawn merritt', 42),
(986, 'jeremy wariner', 42),
(987, 'alvin harrison ', 42),
(988, 'rashid ramzi', 42),
(989, 'ramzi', 42),
(990, 'kenenisa bekele', 42),
(991, 'bekele', 42),
(992, 'hussein bolt', 42),
(993, 'alex averbuch', 42),
(994, 'ysaine bolt', 42),
(995, 'usien bolt', 42),
(996, 'emil zatopek', 42),
(997, 'wilson kipketer', 42),
(998, 'hicham el guerrouj', 42),
(999, 'maria mutola', 42),
(1000, 'john glenn', 43),
(1001, 'neil armstrong', 43),
(1002, 'yuri gagarin', 43),
(1003, 'ilan ramon', 43),
(1004, 'laika', 43),
(1005, 'alan bean', 43),
(1006, 'armstrong', 43),
(1007, 'haim ramon', 43),
(1008, 'ramon', 43),
(1009, 'gagarin', 43),
(1010, 'llama', 43),
(1011, 'buzz olderin', 43),
(1012, 'buzz aldrin', 43),
(1013, 'walter schirra', 43),
(1014, 'michael collins', 43),
(1015, 'james lovell', 43),
(1016, 'loren acton', 43),
(1017, 'jerome apt', 43),
(1018, 'lee archambault', 43),
(1019, 'russel shwikart', 43),
(1020, 'william anders', 43),
(1021, 'frank borman', 43),
(1022, 'gene cernan', 43),
(1023, 'william readdy', 43),
(1024, 'edgar mitchell', 43),
(1025, 'carl meade', 43),
(1026, 'sergei k. krikalev', 43),
(1027, 'sergei krikalev', 43),
(1028, 'krikalev', 43),
(1029, 'peggy a. whitson', 43),
(1030, 'peggy whitson', 43),
(1031, 'aldrin', 43),
(1032, 'glenn', 43),
(1033, 'alan shepard', 43),
(1034, 'mannington', 43),
(1035, 'mohawk', 43),
(1036, 'pergo', 43),
(1037, 'hartco', 43),
(1038, 'james adamson', 43),
(1039, 'scott altman', 43),
(1040, 'buzz', 43),
(1041, 'bagian', 43),
(1042, 'yuri', 43),
(1043, 'guy gardner', 43),
(1044, 'judith resnik', 43),
(1045, 'michael j. smith', 43),
(1046, 'michael smith', 43);

-- --------------------------------------------------------

--
-- Stand-in structure for view `items_v`
--
CREATE TABLE IF NOT EXISTS `items_v` (
`ItemID` int(10) unsigned
,`ItemName` varchar(500)
,`topicID` int(11)
);
-- --------------------------------------------------------

--
-- Table structure for table `itemsmentions`
--

CREATE TABLE IF NOT EXISTS `itemsmentions` (
  `ID` int(11) unsigned NOT NULL AUTO_INCREMENT,
  `userID` varchar(100) COLLATE utf8_bin NOT NULL,
  `itemID` int(10) unsigned NOT NULL,
  `topicID` int(10) unsigned NOT NULL,
  `time` timestamp NOT NULL DEFAULT CURRENT_TIMESTAMP,
  PRIMARY KEY (`ID`),
  KEY `itemID` (`itemID`),
  KEY `topicID` (`topicID`)
) ENGINE=InnoDB  DEFAULT CHARSET=utf8 COLLATE=utf8_bin AUTO_INCREMENT=3491 ;

--
-- Dumping data for table `itemsmentions`
--

INSERT INTO `itemsmentions` (`ID`, `userID`, `itemID`, `topicID`, `time`) VALUES
(1, 'Jack@tau.ac.il', 2, 1, '2011-03-02 14:13:58'),
(2, 'Jack@tau.ac.il', 10, 2, '2011-03-02 14:13:58'),
(3, 'Jack@tau.ac.il', 19, 3, '2011-03-02 14:13:58'),
(4, 'Jack@tau.ac.il', 28, 4, '2011-03-02 14:13:58'),
(5, 'Jack@tau.ac.il', 37, 5, '2011-03-02 14:13:58'),
(6, 'Jack@tau.ac.il', 46, 6, '2011-03-02 14:13:58'),
(7, 'Jack@tau.ac.il', 55, 7, '2011-03-02 14:13:58'),
(8, 'Jack@tau.ac.il', 64, 8, '2011-03-02 14:13:58'),
(9, 'Jack@tau.ac.il', 73, 9, '2011-03-02 14:13:58'),
(10, 'Jack@tau.ac.il', 82, 10, '2011-03-02 14:13:58'),
(11, 'Jack@tau.ac.il', 91, 11, '2011-03-02 14:13:58'),
(12, 'Roy@tau.ac.il', 1, 1, '2011-03-02 14:13:58'),
(13, 'Roy@tau.ac.il', 12, 2, '2011-03-02 14:13:58'),
(14, 'Roy@tau.ac.il', 19, 3, '2011-03-02 14:13:58'),
(15, 'Roy@tau.ac.il', 28, 4, '2011-03-02 14:13:58'),
(16, 'Roy@tau.ac.il', 37, 5, '2011-03-02 14:13:58'),
(17, 'Roy@tau.ac.il', 46, 6, '2011-03-02 14:13:58'),
(18, 'Roy@tau.ac.il', 55, 7, '2011-03-02 14:13:58'),
(19, 'Roy@tau.ac.il', 71, 8, '2011-03-02 14:13:58'),
(20, 'Roy@tau.ac.il', 73, 9, '2011-03-02 14:13:58'),
(21, 'Roy@tau.ac.il', 82, 10, '2011-03-02 14:13:58'),
(22, 'George@tau.ac.il', 97, 12, '2011-03-02 14:13:58'),
(23, 'Eric@tau.ac.il', 1, 1, '2011-03-02 14:13:58'),
(24, 'Eric@tau.ac.il', 10, 2, '2011-03-02 14:13:58'),
(25, 'Eric@tau.ac.il', 22, 3, '2011-03-02 14:13:58'),
(26, 'Eric@tau.ac.il', 28, 4, '2011-03-02 14:13:58'),
(27, 'Eric@tau.ac.il', 37, 5, '2011-03-02 14:13:58'),
(28, 'Eric@tau.ac.il', 46, 6, '2011-03-02 14:13:58'),
(29, 'Eric@tau.ac.il', 55, 7, '2011-03-02 14:13:58'),
(30, 'Eric@tau.ac.il', 64, 8, '2011-03-02 14:13:58'),
(31, 'Eric@tau.ac.il', 73, 9, '2011-03-02 14:13:58'),
(32, 'Eric@tau.ac.il', 82, 10, '2011-03-02 14:13:58'),
(33, 'Eric@tau.ac.il', 105, 13, '2011-03-02 14:13:58'),
(34, 'Daniel@tau.ac.il', 1, 1, '2011-03-02 14:13:58'),
(35, 'Daniel@tau.ac.il', 10, 2, '2011-03-02 14:13:58'),
(36, 'Daniel@tau.ac.il', 19, 3, '2011-03-02 14:13:58'),
(37, 'Daniel@tau.ac.il', 32, 4, '2011-03-02 14:13:58'),
(38, 'Daniel@tau.ac.il', 37, 5, '2011-03-02 14:13:58'),
(39, 'Daniel@tau.ac.il', 46, 6, '2011-03-02 14:13:58'),
(40, 'Daniel@tau.ac.il', 55, 7, '2011-03-02 14:13:58'),
(41, 'Daniel@tau.ac.il', 71, 8, '2011-03-02 14:13:58'),
(42, 'Daniel@tau.ac.il', 73, 9, '2011-03-02 14:13:58'),
(43, 'Daniel@tau.ac.il', 82, 10, '2011-03-02 14:13:58'),
(44, 'Daniel@tau.ac.il', 112, 14, '2011-03-02 14:13:58'),
(45, 'Mike@tau.ac.il', 1, 1, '2011-03-02 14:13:58'),
(46, 'Mike@tau.ac.il', 10, 2, '2011-03-02 14:13:58'),
(47, 'Mike@tau.ac.il', 19, 3, '2011-03-02 14:13:58'),
(48, 'Mike@tau.ac.il', 28, 4, '2011-03-02 14:13:58'),
(49, 'Mike@tau.ac.il', 42, 5, '2011-03-02 14:13:58'),
(50, 'Mike@tau.ac.il', 46, 6, '2011-03-02 14:13:58'),
(51, 'Mike@tau.ac.il', 55, 7, '2011-03-02 14:13:58'),
(52, 'Mike@tau.ac.il', 71, 8, '2011-03-02 14:13:58'),
(53, 'Mike@tau.ac.il', 73, 9, '2011-03-02 14:13:58'),
(54, 'Mike@tau.ac.il', 82, 10, '2011-03-02 14:13:58'),
(55, 'Mike@tau.ac.il', 121, 15, '2011-03-02 14:13:58'),
(56, 'John@tau.ac.il', 1, 1, '2011-03-02 14:13:58'),
(57, 'John@tau.ac.il', 10, 2, '2011-03-02 14:13:58'),
(58, 'John@tau.ac.il', 19, 3, '2011-03-02 14:13:58'),
(59, 'John@tau.ac.il', 28, 4, '2011-03-02 14:13:58'),
(60, 'John@tau.ac.il', 37, 5, '2011-03-02 14:13:58'),
(61, 'John@tau.ac.il', 52, 6, '2011-03-02 14:13:58'),
(62, 'John@tau.ac.il', 55, 7, '2011-03-02 14:13:58'),
(63, 'John@tau.ac.il', 70, 8, '2011-03-02 14:13:58'),
(64, 'John@tau.ac.il', 73, 9, '2011-03-02 14:13:58'),
(65, 'John@tau.ac.il', 82, 10, '2011-03-02 14:13:58'),
(66, 'John@tau.ac.il', 128, 16, '2011-03-02 14:13:58'),
(67, 'George@tau.ac.il', 1, 1, '2011-03-02 14:13:58'),
(68, 'George@tau.ac.il', 10, 2, '2011-03-02 14:13:58'),
(69, 'George@tau.ac.il', 19, 3, '2011-03-02 14:13:58'),
(70, 'George@tau.ac.il', 28, 4, '2011-03-02 14:13:58'),
(71, 'George@tau.ac.il', 37, 5, '2011-03-02 14:13:58'),
(72, 'George@tau.ac.il', 46, 6, '2011-03-02 14:13:58'),
(73, 'George@tau.ac.il', 62, 7, '2011-03-02 14:13:58'),
(74, 'George@tau.ac.il', 70, 8, '2011-03-02 14:13:58'),
(75, 'George@tau.ac.il', 73, 9, '2011-03-02 14:13:58'),
(76, 'George@tau.ac.il', 82, 10, '2011-03-02 14:13:58'),
(77, 'Larry@tau.ac.il', 1, 1, '2011-03-02 14:13:58'),
(78, 'Larry@tau.ac.il', 10, 2, '2011-03-02 14:13:58'),
(79, 'Larry@tau.ac.il', 19, 3, '2011-03-02 14:13:58'),
(80, 'Larry@tau.ac.il', 28, 4, '2011-03-02 14:13:58'),
(81, 'Larry@tau.ac.il', 37, 5, '2011-03-02 14:13:58'),
(82, 'Larry@tau.ac.il', 46, 6, '2011-03-02 14:13:58'),
(83, 'Larry@tau.ac.il', 55, 7, '2011-03-02 14:13:58'),
(84, 'Larry@tau.ac.il', 67, 8, '2011-03-02 14:13:58'),
(85, 'Larry@tau.ac.il', 73, 9, '2011-03-02 14:13:58'),
(86, 'Larry@tau.ac.il', 82, 10, '2011-03-02 14:13:58'),
(87, 'James@tau.ac.il', 1, 1, '2011-03-02 14:13:58'),
(88, 'James@tau.ac.il', 10, 2, '2011-03-02 14:13:58'),
(89, 'James@tau.ac.il', 19, 3, '2011-03-02 14:13:58'),
(90, 'James@tau.ac.il', 28, 4, '2011-03-02 14:13:58'),
(91, 'James@tau.ac.il', 37, 5, '2011-03-02 14:13:58'),
(92, 'James@tau.ac.il', 46, 6, '2011-03-02 14:13:58'),
(93, 'James@tau.ac.il', 55, 7, '2011-03-02 14:13:58'),
(94, 'James@tau.ac.il', 64, 8, '2011-03-02 14:13:58'),
(95, 'James@tau.ac.il', 74, 9, '2011-03-02 14:13:58'),
(96, 'James@tau.ac.il', 82, 10, '2011-03-02 14:13:58'),
(97, 'Mark@tau.ac.il', 1, 1, '2011-03-02 14:13:58'),
(98, 'Mark@tau.ac.il', 10, 2, '2011-03-02 14:13:58'),
(99, 'Mark@tau.ac.il', 19, 3, '2011-03-02 14:13:58'),
(100, 'Mark@tau.ac.il', 28, 4, '2011-03-02 14:13:58'),
(101, 'Mark@tau.ac.il', 37, 5, '2011-03-02 14:13:58'),
(102, 'Mark@tau.ac.il', 46, 6, '2011-03-02 14:13:58'),
(103, 'Mark@tau.ac.il', 55, 7, '2011-03-02 14:13:58'),
(104, 'Mark@tau.ac.il', 72, 8, '2011-03-02 14:13:58'),
(105, 'Mark@tau.ac.il', 73, 9, '2011-03-02 14:13:58'),
(106, 'Mark@tau.ac.il', 84, 10, '2011-03-02 14:13:58'),
(107, 'Albert@tau.ac.il', 1, 1, '2011-03-02 14:13:58'),
(108, 'Albert@tau.ac.il', 10, 2, '2011-03-02 14:13:58'),
(109, 'Albert@tau.ac.il', 19, 3, '2011-03-02 14:13:58'),
(110, 'Albert@tau.ac.il', 28, 4, '2011-03-02 14:13:58'),
(111, 'Albert@tau.ac.il', 37, 5, '2011-03-02 14:13:58'),
(112, 'Albert@tau.ac.il', 46, 6, '2011-03-02 14:13:58'),
(113, 'Albert@tau.ac.il', 55, 7, '2011-03-02 14:13:58'),
(114, 'Albert@tau.ac.il', 64, 8, '2011-03-02 14:13:58'),
(115, 'Albert@tau.ac.il', 73, 9, '2011-03-02 14:13:58'),
(116, 'Albert@tau.ac.il', 82, 10, '2011-03-02 14:13:58'),
(117, 'Kvazimodo@tau.ac.il', 7, 1, '2011-03-02 14:13:58'),
(118, 'Kvazimodo@tau.ac.il', 13, 2, '2011-03-02 14:13:58'),
(119, 'Kvazimodo@tau.ac.il', 21, 3, '2011-03-02 14:13:58'),
(120, 'Kvazimodo@tau.ac.il', 33, 4, '2011-03-02 14:13:58'),
(121, 'Kvazimodo@tau.ac.il', 45, 5, '2011-03-02 14:13:58'),
(122, 'Kvazimodo@tau.ac.il', 47, 6, '2011-03-02 14:13:58'),
(123, 'Kvazimodo@tau.ac.il', 59, 7, '2011-03-02 14:13:58'),
(124, 'Kvazimodo@tau.ac.il', 68, 8, '2011-03-02 14:13:58'),
(125, 'Kvazimodo@tau.ac.il', 80, 9, '2011-03-02 14:13:58'),
(126, 'Kvazimodo@tau.ac.il', 88, 10, '2011-03-02 14:13:58'),
(127, 'Isaac@tau.ac.il', 1, 1, '2011-03-02 14:13:58'),
(128, 'Isaac@tau.ac.il', 14, 2, '2011-03-02 14:13:58'),
(129, 'Isaac@tau.ac.il', 20, 3, '2011-03-02 14:13:58'),
(130, 'Isaac@tau.ac.il', 31, 4, '2011-03-02 14:13:58'),
(131, 'Isaac@tau.ac.il', 39, 5, '2011-03-02 14:13:58'),
(132, 'Isaac@tau.ac.il', 51, 6, '2011-03-02 14:13:58'),
(133, 'Isaac@tau.ac.il', 61, 7, '2011-03-02 14:13:58'),
(134, 'Isaac@tau.ac.il', 67, 8, '2011-03-02 14:13:58'),
(135, 'Isaac@tau.ac.il', 76, 9, '2011-03-02 14:13:58'),
(136, 'Isaac@tau.ac.il', 84, 10, '2011-03-02 14:13:58'),
(137, 'Isaac@tau.ac.il', 92, 11, '2011-03-02 14:13:58'),
(138, 'Isaac@tau.ac.il', 122, 15, '2011-03-02 14:13:58'),
(139, 'Sheldon@tau.ac.il', 3, 1, '2011-03-02 14:13:58'),
(140, 'Sheldon@tau.ac.il', 10, 2, '2011-03-02 14:13:58'),
(141, 'Sheldon@tau.ac.il', 26, 3, '2011-03-02 14:13:58'),
(142, 'Sheldon@tau.ac.il', 30, 4, '2011-03-02 14:13:58'),
(143, 'Sheldon@tau.ac.il', 40, 5, '2011-03-02 14:13:58'),
(144, 'Sheldon@tau.ac.il', 47, 6, '2011-03-02 14:13:58'),
(145, 'Sheldon@tau.ac.il', 63, 7, '2011-03-02 14:13:58'),
(146, 'Sheldon@tau.ac.il', 69, 8, '2011-03-02 14:13:58'),
(147, 'Sheldon@tau.ac.il', 77, 9, '2011-03-02 14:13:58'),
(148, 'Sheldon@tau.ac.il', 85, 10, '2011-03-02 14:13:58'),
(149, 'Sheldon@tau.ac.il', 93, 11, '2011-03-02 14:13:58'),
(150, 'Sheldon@tau.ac.il', 98, 12, '2011-03-02 14:13:58'),
(151, 'Sheldon@tau.ac.il', 129, 16, '2011-03-02 14:13:58'),
(152, 'Leonard@tau.ac.il', 4, 1, '2011-03-02 14:13:58'),
(153, 'Leonard@tau.ac.il', 16, 2, '2011-03-02 14:13:58'),
(154, 'Leonard@tau.ac.il', 19, 3, '2011-03-02 14:13:58'),
(155, 'Leonard@tau.ac.il', 32, 4, '2011-03-02 14:13:58'),
(156, 'Leonard@tau.ac.il', 41, 5, '2011-03-02 14:13:58'),
(157, 'Leonard@tau.ac.il', 54, 6, '2011-03-02 14:13:58'),
(158, 'Leonard@tau.ac.il', 57, 7, '2011-03-02 14:13:58'),
(159, 'Leonard@tau.ac.il', 69, 8, '2011-03-02 14:13:58'),
(160, 'Leonard@tau.ac.il', 78, 9, '2011-03-02 14:13:58'),
(161, 'Leonard@tau.ac.il', 86, 10, '2011-03-02 14:13:58'),
(162, 'Leonard@tau.ac.il', 94, 11, '2011-03-02 14:13:58'),
(163, 'Leonard@tau.ac.il', 102, 12, '2011-03-02 14:13:58'),
(164, 'Leonard@tau.ac.il', 106, 13, '2011-03-02 14:13:58'),
(165, 'Leonard@tau.ac.il', 132, 16, '2011-03-02 14:13:58'),
(166, 'Zak@tau.ac.il', 5, 1, '2011-03-02 14:13:58'),
(167, 'Zak@tau.ac.il', 18, 2, '2011-03-02 14:13:58'),
(168, 'Zak@tau.ac.il', 23, 3, '2011-03-02 14:13:58'),
(169, 'Zak@tau.ac.il', 28, 4, '2011-03-02 14:13:58'),
(170, 'Zak@tau.ac.il', 43, 5, '2011-03-02 14:13:58'),
(171, 'Zak@tau.ac.il', 49, 6, '2011-03-02 14:13:58'),
(172, 'Zak@tau.ac.il', 60, 7, '2011-03-02 14:13:58'),
(173, 'Zak@tau.ac.il', 72, 8, '2011-03-02 14:13:58'),
(174, 'Zak@tau.ac.il', 75, 9, '2011-03-02 14:13:58'),
(175, 'Zak@tau.ac.il', 83, 10, '2011-03-02 14:13:58'),
(176, 'Zak@tau.ac.il', 93, 11, '2011-03-02 14:13:58'),
(177, 'Zak@tau.ac.il', 101, 12, '2011-03-02 14:13:58'),
(178, 'Zak@tau.ac.il', 110, 13, '2011-03-02 14:13:58'),
(179, 'Zak@tau.ac.il', 113, 14, '2011-03-02 14:13:58'),
(180, 'Zak@tau.ac.il', 131, 16, '2011-03-02 14:13:58'),
(181, 'Penny@tau.ac.il', 6, 1, '2011-03-02 14:13:58'),
(182, 'Penny@tau.ac.il', 10, 2, '2011-03-02 14:13:58'),
(183, 'Penny@tau.ac.il', 25, 3, '2011-03-02 14:13:58'),
(184, 'Penny@tau.ac.il', 34, 4, '2011-03-02 14:13:58'),
(185, 'Penny@tau.ac.il', 37, 5, '2011-03-02 14:13:58'),
(186, 'Penny@tau.ac.il', 51, 6, '2011-03-02 14:13:58'),
(187, 'Penny@tau.ac.il', 62, 7, '2011-03-02 14:13:58'),
(188, 'Penny@tau.ac.il', 69, 8, '2011-03-02 14:13:58'),
(189, 'Penny@tau.ac.il', 74, 9, '2011-03-02 14:13:58'),
(190, 'Penny@tau.ac.il', 90, 10, '2011-03-02 14:13:58'),
(191, 'Penny@tau.ac.il', 95, 11, '2011-03-02 14:13:58'),
(192, 'Penny@tau.ac.il', 100, 12, '2011-03-02 14:13:58'),
(193, 'Penny@tau.ac.il', 109, 13, '2011-03-02 14:13:58'),
(194, 'Penny@tau.ac.il', 117, 14, '2011-03-02 14:13:58'),
(195, 'Penny@tau.ac.il', 126, 15, '2011-03-02 14:13:58'),
(196, 'Penny@tau.ac.il', 130, 16, '2011-03-02 14:13:58'),
(197, 'Amy@tau.ac.il', 7, 1, '2011-03-02 14:13:58'),
(198, 'Amy@tau.ac.il', 12, 2, '2011-03-02 14:13:58'),
(199, 'Amy@tau.ac.il', 27, 3, '2011-03-02 14:13:58'),
(200, 'Amy@tau.ac.il', 33, 4, '2011-03-02 14:13:58'),
(201, 'Amy@tau.ac.il', 38, 5, '2011-03-02 14:13:58'),
(202, 'Amy@tau.ac.il', 46, 6, '2011-03-02 14:13:58'),
(203, 'Amy@tau.ac.il', 58, 7, '2011-03-02 14:13:58'),
(204, 'Amy@tau.ac.il', 68, 8, '2011-03-02 14:13:58'),
(205, 'Amy@tau.ac.il', 79, 9, '2011-03-02 14:13:58'),
(206, 'Amy@tau.ac.il', 89, 10, '2011-03-02 14:13:58'),
(207, 'Amy@tau.ac.il', 99, 12, '2011-03-02 14:13:58'),
(208, 'Amy@tau.ac.il', 108, 13, '2011-03-02 14:13:58'),
(209, 'Amy@tau.ac.il', 116, 14, '2011-03-02 14:13:58'),
(210, 'Amy@tau.ac.il', 125, 15, '2011-03-02 14:13:58'),
(211, 'Bernadeth@tau.ac.il', 8, 1, '2011-03-02 14:13:58'),
(212, 'Bernadeth@tau.ac.il', 11, 2, '2011-03-02 14:13:58'),
(213, 'Bernadeth@tau.ac.il', 21, 3, '2011-03-02 14:13:58'),
(214, 'Bernadeth@tau.ac.il', 29, 4, '2011-03-02 14:13:58'),
(215, 'Bernadeth@tau.ac.il', 38, 5, '2011-03-02 14:13:58'),
(216, 'Bernadeth@tau.ac.il', 50, 6, '2011-03-02 14:13:58'),
(217, 'Bernadeth@tau.ac.il', 55, 7, '2011-03-02 14:13:58'),
(218, 'Bernadeth@tau.ac.il', 67, 8, '2011-03-02 14:13:58'),
(219, 'Bernadeth@tau.ac.il', 81, 9, '2011-03-02 14:13:58'),
(220, 'Bernadeth@tau.ac.il', 88, 10, '2011-03-02 14:13:58'),
(221, 'Bernadeth@tau.ac.il', 102, 12, '2011-03-02 14:13:58'),
(222, 'Bernadeth@tau.ac.il', 107, 13, '2011-03-02 14:13:58'),
(223, 'Bernadeth@tau.ac.il', 115, 14, '2011-03-02 14:13:58'),
(224, 'Bernadeth@tau.ac.il', 124, 15, '2011-03-02 14:13:58'),
(225, 'Rhaj@tau.ac.il', 9, 1, '2011-03-02 14:13:58'),
(226, 'Rhaj@tau.ac.il', 15, 2, '2011-03-02 14:13:58'),
(227, 'Rhaj@tau.ac.il', 22, 3, '2011-03-02 14:13:58'),
(228, 'Rhaj@tau.ac.il', 35, 4, '2011-03-02 14:13:58'),
(229, 'Rhaj@tau.ac.il', 42, 5, '2011-03-02 14:13:58'),
(230, 'Rhaj@tau.ac.il', 48, 6, '2011-03-02 14:13:58'),
(231, 'Rhaj@tau.ac.il', 56, 7, '2011-03-02 14:13:58'),
(232, 'Rhaj@tau.ac.il', 72, 8, '2011-03-02 14:13:58'),
(233, 'Rhaj@tau.ac.il', 78, 9, '2011-03-02 14:13:58'),
(234, 'Rhaj@tau.ac.il', 87, 10, '2011-03-02 14:13:58'),
(235, 'Rhaj@tau.ac.il', 107, 13, '2011-03-02 14:13:58'),
(236, 'Rhaj@tau.ac.il', 114, 14, '2011-03-02 14:13:58'),
(237, 'Rhaj@tau.ac.il', 123, 15, '2011-03-02 14:13:58'),
(238, 'Howard@tau.ac.il', 1, 1, '2011-03-02 14:13:58'),
(239, 'Howard@tau.ac.il', 11, 2, '2011-03-02 14:13:58'),
(240, 'Howard@tau.ac.il', 24, 3, '2011-03-02 14:13:58'),
(241, 'Howard@tau.ac.il', 36, 4, '2011-03-02 14:13:58'),
(242, 'Howard@tau.ac.il', 44, 5, '2011-03-02 14:13:58'),
(243, 'Howard@tau.ac.il', 53, 6, '2011-03-02 14:13:58'),
(244, 'Howard@tau.ac.il', 63, 7, '2011-03-02 14:13:58'),
(245, 'Howard@tau.ac.il', 70, 8, '2011-03-02 14:13:58'),
(246, 'Howard@tau.ac.il', 73, 9, '2011-03-02 14:13:58'),
(247, 'Howard@tau.ac.il', 84, 10, '2011-03-02 14:13:58'),
(248, 'Howard@tau.ac.il', 113, 14, '2011-03-02 14:13:58'),
(249, 'Howard@tau.ac.il', 123, 15, '2011-03-02 14:13:58'),
(250, 'Monica@tau.ac.il', 2, 1, '2011-03-02 14:13:58'),
(251, 'Monica@tau.ac.il', 16, 2, '2011-03-02 14:13:58'),
(252, 'Monica@tau.ac.il', 22, 3, '2011-03-02 14:13:58'),
(253, 'Monica@tau.ac.il', 35, 4, '2011-03-02 14:13:58'),
(254, 'Monica@tau.ac.il', 45, 5, '2011-03-02 14:13:58'),
(255, 'Monica@tau.ac.il', 52, 6, '2011-03-02 14:13:58'),
(256, 'Monica@tau.ac.il', 61, 7, '2011-03-02 14:13:58'),
(257, 'Monica@tau.ac.il', 68, 8, '2011-03-02 14:13:58'),
(258, 'Monica@tau.ac.il', 74, 9, '2011-03-02 14:13:58'),
(259, 'Monica@tau.ac.il', 82, 10, '2011-03-02 14:13:58'),
(260, 'Monica@tau.ac.il', 122, 15, '2011-03-02 14:13:58'),
(1805, 'Scott@tau.ac.il', 1, 1, '2011-03-12 23:55:22'),
(1806, 'Scott@tau.ac.il', 10, 2, '2011-03-12 23:55:22'),
(1807, 'Scott@tau.ac.il', 19, 3, '2011-03-12 23:55:22'),
(1808, 'Scott@tau.ac.il', 28, 4, '2011-03-12 23:55:22'),
(1809, 'Scott@tau.ac.il', 37, 5, '2011-03-12 23:55:22'),
(1810, 'Scott@tau.ac.il', 46, 6, '2011-03-12 23:55:22'),
(1811, 'Scott@tau.ac.il', 55, 7, '2011-03-12 23:55:22'),
(1812, 'Scott@tau.ac.il', 64, 8, '2011-03-12 23:55:22'),
(1813, 'Scott@tau.ac.il', 73, 9, '2011-03-12 23:55:22'),
(1814, 'Scott@tau.ac.il', 82, 10, '2011-03-12 23:55:22'),
(2829, 'Jack@tau.ac.il', 135, 35, '2011-03-22 20:06:08'),
(2830, 'Jack@tau.ac.il', 136, 35, '2011-03-22 20:06:08'),
(2831, 'Jack@tau.ac.il', 137, 35, '2011-03-22 20:06:08'),
(2832, 'Jack@tau.ac.il', 138, 35, '2011-03-22 20:06:08'),
(2833, 'Jack@tau.ac.il', 139, 35, '2011-03-22 20:06:08'),
(2834, 'Jack@tau.ac.il', 140, 35, '2011-03-22 20:06:08'),
(2835, 'Jack@tau.ac.il', 141, 35, '2011-03-22 20:06:08'),
(2836, 'Jack@tau.ac.il', 143, 35, '2011-03-22 20:06:08'),
(2837, 'Jack@tau.ac.il', 144, 35, '2011-03-22 20:06:08'),
(2838, 'Jack@tau.ac.il', 145, 35, '2011-03-22 20:06:08'),
(2839, 'Jack@tau.ac.il', 146, 35, '2011-03-22 20:06:08'),
(2840, 'Jack@tau.ac.il', 147, 35, '2011-03-22 20:06:08'),
(2841, 'Jack@tau.ac.il', 148, 35, '2011-03-22 20:06:08'),
(2842, 'Jack@tau.ac.il', 149, 35, '2011-03-22 20:06:08'),
(2843, 'Roy@tau.ac.il', 134, 35, '2011-03-22 20:06:08'),
(2844, 'Roy@tau.ac.il', 135, 35, '2011-03-22 20:06:08'),
(2845, 'Roy@tau.ac.il', 136, 35, '2011-03-22 20:06:08'),
(2846, 'Roy@tau.ac.il', 137, 35, '2011-03-22 20:06:08'),
(2847, 'Roy@tau.ac.il', 139, 35, '2011-03-22 20:06:08'),
(2848, 'Roy@tau.ac.il', 140, 35, '2011-03-22 20:06:08'),
(2849, 'Roy@tau.ac.il', 142, 35, '2011-03-22 20:06:08'),
(2850, 'Roy@tau.ac.il', 143, 35, '2011-03-22 20:06:08'),
(2851, 'Roy@tau.ac.il', 144, 35, '2011-03-22 20:06:08'),
(2852, 'Roy@tau.ac.il', 145, 35, '2011-03-22 20:06:08'),
(2853, 'Roy@tau.ac.il', 147, 35, '2011-03-22 20:06:08'),
(2854, 'Roy@tau.ac.il', 148, 35, '2011-03-22 20:06:08'),
(2855, 'Roy@tau.ac.il', 149, 35, '2011-03-22 20:06:08'),
(2856, 'Roy@tau.ac.il', 150, 35, '2011-03-22 20:06:08'),
(2857, 'Eric@tau.ac.il', 134, 35, '2011-03-22 20:06:08'),
(2858, 'Eric@tau.ac.il', 135, 35, '2011-03-22 20:06:08'),
(2859, 'Eric@tau.ac.il', 136, 35, '2011-03-22 20:06:08'),
(2860, 'Eric@tau.ac.il', 138, 35, '2011-03-22 20:06:08'),
(2861, 'Eric@tau.ac.il', 139, 35, '2011-03-22 20:06:08'),
(2862, 'Eric@tau.ac.il', 140, 35, '2011-03-22 20:06:08'),
(2863, 'Eric@tau.ac.il', 141, 35, '2011-03-22 20:06:08'),
(2864, 'Eric@tau.ac.il', 142, 35, '2011-03-22 20:06:08'),
(2865, 'Eric@tau.ac.il', 143, 35, '2011-03-22 20:06:08'),
(2866, 'Eric@tau.ac.il', 144, 35, '2011-03-22 20:06:08'),
(2867, 'Eric@tau.ac.il', 145, 35, '2011-03-22 20:06:08'),
(2868, 'Eric@tau.ac.il', 146, 35, '2011-03-22 20:06:08'),
(2869, 'Eric@tau.ac.il', 148, 35, '2011-03-22 20:06:08'),
(2870, 'Eric@tau.ac.il', 150, 35, '2011-03-22 20:06:08'),
(2871, 'Daniel@tau.ac.il', 137, 35, '2011-03-22 20:06:08'),
(2872, 'Daniel@tau.ac.il', 138, 35, '2011-03-22 20:06:08'),
(2873, 'Daniel@tau.ac.il', 139, 35, '2011-03-22 20:06:08'),
(2874, 'Daniel@tau.ac.il', 140, 35, '2011-03-22 20:06:08'),
(2875, 'Daniel@tau.ac.il', 141, 35, '2011-03-22 20:06:08'),
(2876, 'Daniel@tau.ac.il', 142, 35, '2011-03-22 20:06:08'),
(2877, 'Daniel@tau.ac.il', 143, 35, '2011-03-22 20:06:08'),
(2878, 'Daniel@tau.ac.il', 144, 35, '2011-03-22 20:06:08'),
(2879, 'Daniel@tau.ac.il', 145, 35, '2011-03-22 20:06:08'),
(2880, 'Daniel@tau.ac.il', 146, 35, '2011-03-22 20:06:08'),
(2881, 'Daniel@tau.ac.il', 147, 35, '2011-03-22 20:06:08'),
(2882, 'Daniel@tau.ac.il', 148, 35, '2011-03-22 20:06:08'),
(2883, 'Daniel@tau.ac.il', 149, 35, '2011-03-22 20:06:08'),
(2884, 'Daniel@tau.ac.il', 150, 35, '2011-03-22 20:06:08'),
(2885, 'Mike@tau.ac.il', 134, 35, '2011-03-22 20:06:08'),
(2886, 'Mike@tau.ac.il', 135, 35, '2011-03-22 20:06:08'),
(2887, 'Mike@tau.ac.il', 136, 35, '2011-03-22 20:06:08'),
(2888, 'Mike@tau.ac.il', 138, 35, '2011-03-22 20:06:08'),
(2889, 'Mike@tau.ac.il', 139, 35, '2011-03-22 20:06:08'),
(2890, 'Mike@tau.ac.il', 141, 35, '2011-03-22 20:06:08'),
(2891, 'Mike@tau.ac.il', 142, 35, '2011-03-22 20:06:08'),
(2892, 'Mike@tau.ac.il', 143, 35, '2011-03-22 20:06:08'),
(2893, 'Mike@tau.ac.il', 144, 35, '2011-03-22 20:06:08'),
(2894, 'Mike@tau.ac.il', 145, 35, '2011-03-22 20:06:08'),
(2895, 'Mike@tau.ac.il', 146, 35, '2011-03-22 20:06:08'),
(2896, 'Mike@tau.ac.il', 147, 35, '2011-03-22 20:06:08'),
(2897, 'Mike@tau.ac.il', 148, 35, '2011-03-22 20:06:08'),
(2898, 'Mike@tau.ac.il', 149, 35, '2011-03-22 20:06:08'),
(2899, 'John@tau.ac.il', 134, 35, '2011-03-22 20:06:08'),
(2900, 'John@tau.ac.il', 135, 35, '2011-03-22 20:06:08'),
(2901, 'John@tau.ac.il', 136, 35, '2011-03-22 20:06:08'),
(2902, 'John@tau.ac.il', 137, 35, '2011-03-22 20:06:08'),
(2903, 'John@tau.ac.il', 138, 35, '2011-03-22 20:06:08'),
(2904, 'John@tau.ac.il', 139, 35, '2011-03-22 20:06:08'),
(2905, 'John@tau.ac.il', 140, 35, '2011-03-22 20:06:08'),
(2906, 'John@tau.ac.il', 141, 35, '2011-03-22 20:06:08'),
(2907, 'John@tau.ac.il', 142, 35, '2011-03-22 20:06:08'),
(2908, 'John@tau.ac.il', 144, 35, '2011-03-22 20:06:08'),
(2909, 'John@tau.ac.il', 145, 35, '2011-03-22 20:06:08'),
(2910, 'John@tau.ac.il', 147, 35, '2011-03-22 20:06:08'),
(2911, 'John@tau.ac.il', 149, 35, '2011-03-22 20:06:08'),
(2912, 'John@tau.ac.il', 150, 35, '2011-03-22 20:06:08'),
(2913, 'George@tau.ac.il', 135, 35, '2011-03-22 20:06:08'),
(2914, 'George@tau.ac.il', 137, 35, '2011-03-22 20:06:08'),
(2915, 'George@tau.ac.il', 139, 35, '2011-03-22 20:06:08'),
(2916, 'George@tau.ac.il', 140, 35, '2011-03-22 20:06:08'),
(2917, 'George@tau.ac.il', 141, 35, '2011-03-22 20:06:08'),
(2918, 'George@tau.ac.il', 142, 35, '2011-03-22 20:06:08'),
(2919, 'George@tau.ac.il', 143, 35, '2011-03-22 20:06:08'),
(2920, 'George@tau.ac.il', 144, 35, '2011-03-22 20:06:08'),
(2921, 'George@tau.ac.il', 145, 35, '2011-03-22 20:06:08'),
(2922, 'George@tau.ac.il', 146, 35, '2011-03-22 20:06:08'),
(2923, 'George@tau.ac.il', 147, 35, '2011-03-22 20:06:08'),
(2924, 'George@tau.ac.il', 148, 35, '2011-03-22 20:06:08'),
(2925, 'George@tau.ac.il', 149, 35, '2011-03-22 20:06:08'),
(2926, 'George@tau.ac.il', 150, 35, '2011-03-22 20:06:08'),
(2927, 'Larry@tau.ac.il', 134, 35, '2011-03-22 20:06:08'),
(2928, 'Larry@tau.ac.il', 135, 35, '2011-03-22 20:06:08'),
(2929, 'Larry@tau.ac.il', 136, 35, '2011-03-22 20:06:08'),
(2930, 'Larry@tau.ac.il', 137, 35, '2011-03-22 20:06:08'),
(2931, 'Larry@tau.ac.il', 138, 35, '2011-03-22 20:06:08'),
(2932, 'Larry@tau.ac.il', 140, 35, '2011-03-22 20:06:08'),
(2933, 'Larry@tau.ac.il', 141, 35, '2011-03-22 20:06:08'),
(2934, 'Larry@tau.ac.il', 142, 35, '2011-03-22 20:06:08'),
(2935, 'Larry@tau.ac.il', 143, 35, '2011-03-22 20:06:08'),
(2936, 'Larry@tau.ac.il', 144, 35, '2011-03-22 20:06:08'),
(2937, 'Larry@tau.ac.il', 145, 35, '2011-03-22 20:06:08'),
(2938, 'Larry@tau.ac.il', 146, 35, '2011-03-22 20:06:08'),
(2939, 'Larry@tau.ac.il', 149, 35, '2011-03-22 20:06:08'),
(2940, 'Larry@tau.ac.il', 150, 35, '2011-03-22 20:06:08'),
(2941, 'James@tau.ac.il', 134, 35, '2011-03-22 20:06:08'),
(2942, 'James@tau.ac.il', 135, 35, '2011-03-22 20:06:08'),
(2943, 'James@tau.ac.il', 136, 35, '2011-03-22 20:06:08'),
(2944, 'James@tau.ac.il', 137, 35, '2011-03-22 20:06:08'),
(2945, 'James@tau.ac.il', 138, 35, '2011-03-22 20:06:08'),
(2946, 'James@tau.ac.il', 139, 35, '2011-03-22 20:06:08'),
(2947, 'James@tau.ac.il', 140, 35, '2011-03-22 20:06:08'),
(2948, 'James@tau.ac.il', 142, 35, '2011-03-22 20:06:08'),
(2949, 'James@tau.ac.il', 144, 35, '2011-03-22 20:06:08'),
(2950, 'James@tau.ac.il', 145, 35, '2011-03-22 20:06:08'),
(2951, 'James@tau.ac.il', 146, 35, '2011-03-22 20:06:08'),
(2952, 'James@tau.ac.il', 148, 35, '2011-03-22 20:06:08'),
(2953, 'James@tau.ac.il', 149, 35, '2011-03-22 20:06:08'),
(2954, 'James@tau.ac.il', 150, 35, '2011-03-22 20:06:08'),
(2955, 'Mark@tau.ac.il', 134, 35, '2011-03-22 20:06:08'),
(2956, 'Mark@tau.ac.il', 135, 35, '2011-03-22 20:06:08'),
(2957, 'Mark@tau.ac.il', 136, 35, '2011-03-22 20:06:08'),
(2958, 'Mark@tau.ac.il', 138, 35, '2011-03-22 20:06:08'),
(2959, 'Mark@tau.ac.il', 139, 35, '2011-03-22 20:06:08'),
(2960, 'Mark@tau.ac.il', 141, 35, '2011-03-22 20:06:08'),
(2961, 'Mark@tau.ac.il', 142, 35, '2011-03-22 20:06:08'),
(2962, 'Mark@tau.ac.il', 144, 35, '2011-03-22 20:06:08'),
(2963, 'Mark@tau.ac.il', 145, 35, '2011-03-22 20:06:08'),
(2964, 'Mark@tau.ac.il', 146, 35, '2011-03-22 20:06:08'),
(2965, 'Mark@tau.ac.il', 147, 35, '2011-03-22 20:06:08'),
(2966, 'Mark@tau.ac.il', 148, 35, '2011-03-22 20:06:08'),
(2967, 'Mark@tau.ac.il', 149, 35, '2011-03-22 20:06:08'),
(2968, 'Mark@tau.ac.il', 150, 35, '2011-03-22 20:06:08'),
(2969, 'Isaac@tau.ac.il', 222, 35, '2011-03-22 20:06:08'),
(2970, 'Isaac@tau.ac.il', 187, 35, '2011-03-22 20:06:08'),
(2971, 'Isaac@tau.ac.il', 215, 35, '2011-03-22 20:06:08'),
(2972, 'Isaac@tau.ac.il', 199, 35, '2011-03-22 20:06:08'),
(2973, 'Isaac@tau.ac.il', 141, 35, '2011-03-22 20:06:08'),
(2974, 'Isaac@tau.ac.il', 218, 35, '2011-03-22 20:06:08'),
(2975, 'Isaac@tau.ac.il', 165, 35, '2011-03-22 20:06:08'),
(2976, 'Isaac@tau.ac.il', 282, 35, '2011-03-22 20:06:08'),
(2977, 'Isaac@tau.ac.il', 277, 35, '2011-03-22 20:06:08'),
(2978, 'Isaac@tau.ac.il', 286, 35, '2011-03-22 20:06:08'),
(2979, 'Isaac@tau.ac.il', 263, 35, '2011-03-22 20:06:08'),
(2980, 'Isaac@tau.ac.il', 197, 35, '2011-03-22 20:06:08'),
(2981, 'Isaac@tau.ac.il', 258, 35, '2011-03-22 20:06:08'),
(2982, 'Isaac@tau.ac.il', 173, 35, '2011-03-22 20:06:08'),
(2983, 'Isaac@tau.ac.il', 160, 35, '2011-03-22 20:06:08'),
(2984, 'Isaac@tau.ac.il', 240, 35, '2011-03-22 20:06:08'),
(2985, 'Isaac@tau.ac.il', 136, 35, '2011-03-22 20:06:08'),
(2986, 'Sheldon@tau.ac.il', 186, 35, '2011-03-22 20:06:08'),
(2987, 'Sheldon@tau.ac.il', 240, 35, '2011-03-22 20:06:08'),
(2988, 'Sheldon@tau.ac.il', 150, 35, '2011-03-22 20:06:08'),
(2989, 'Sheldon@tau.ac.il', 178, 35, '2011-03-22 20:06:08'),
(2990, 'Sheldon@tau.ac.il', 195, 35, '2011-03-22 20:06:08'),
(2991, 'Sheldon@tau.ac.il', 220, 35, '2011-03-22 20:06:08'),
(2992, 'Sheldon@tau.ac.il', 181, 35, '2011-03-22 20:06:08'),
(2993, 'Sheldon@tau.ac.il', 179, 35, '2011-03-22 20:06:08'),
(2994, 'Sheldon@tau.ac.il', 258, 35, '2011-03-22 20:06:08'),
(2995, 'Sheldon@tau.ac.il', 191, 35, '2011-03-22 20:06:08'),
(2996, 'Sheldon@tau.ac.il', 263, 35, '2011-03-22 20:06:08'),
(2997, 'Sheldon@tau.ac.il', 197, 35, '2011-03-22 20:06:08'),
(2998, 'Sheldon@tau.ac.il', 245, 35, '2011-03-22 20:06:08'),
(2999, 'Sheldon@tau.ac.il', 235, 35, '2011-03-22 20:06:08'),
(3000, 'Sheldon@tau.ac.il', 196, 35, '2011-03-22 20:06:08'),
(3001, 'Sheldon@tau.ac.il', 280, 35, '2011-03-22 20:06:08'),
(3002, 'Sheldon@tau.ac.il', 233, 35, '2011-03-22 20:06:08'),
(3003, 'Leonard@tau.ac.il', 213, 35, '2011-03-22 20:06:08'),
(3004, 'Leonard@tau.ac.il', 168, 35, '2011-03-22 20:06:08'),
(3005, 'Leonard@tau.ac.il', 223, 35, '2011-03-22 20:06:08'),
(3006, 'Leonard@tau.ac.il', 249, 35, '2011-03-22 20:06:08'),
(3007, 'Leonard@tau.ac.il', 204, 35, '2011-03-22 20:06:08'),
(3008, 'Leonard@tau.ac.il', 273, 35, '2011-03-22 20:06:08'),
(3009, 'Leonard@tau.ac.il', 177, 35, '2011-03-22 20:06:08'),
(3010, 'Leonard@tau.ac.il', 236, 35, '2011-03-22 20:06:08'),
(3011, 'Leonard@tau.ac.il', 271, 35, '2011-03-22 20:06:08'),
(3012, 'Leonard@tau.ac.il', 190, 35, '2011-03-22 20:06:08'),
(3013, 'Leonard@tau.ac.il', 136, 35, '2011-03-22 20:06:08'),
(3014, 'Leonard@tau.ac.il', 179, 35, '2011-03-22 20:06:08'),
(3015, 'Leonard@tau.ac.il', 285, 35, '2011-03-22 20:06:08'),
(3016, 'Leonard@tau.ac.il', 251, 35, '2011-03-22 20:06:08'),
(3017, 'Leonard@tau.ac.il', 227, 35, '2011-03-22 20:06:08'),
(3018, 'Leonard@tau.ac.il', 175, 35, '2011-03-22 20:06:08'),
(3019, 'Leonard@tau.ac.il', 212, 35, '2011-03-22 20:06:08'),
(3020, 'Zak@tau.ac.il', 256, 35, '2011-03-22 20:06:08'),
(3021, 'Zak@tau.ac.il', 266, 35, '2011-03-22 20:06:08'),
(3022, 'Zak@tau.ac.il', 148, 35, '2011-03-22 20:06:08'),
(3023, 'Zak@tau.ac.il', 217, 35, '2011-03-22 20:06:08'),
(3024, 'Zak@tau.ac.il', 197, 35, '2011-03-22 20:06:08'),
(3025, 'Zak@tau.ac.il', 145, 35, '2011-03-22 20:06:08'),
(3026, 'Zak@tau.ac.il', 203, 35, '2011-03-22 20:06:08'),
(3027, 'Zak@tau.ac.il', 241, 35, '2011-03-22 20:06:08'),
(3028, 'Zak@tau.ac.il', 210, 35, '2011-03-22 20:06:08'),
(3029, 'Zak@tau.ac.il', 196, 35, '2011-03-22 20:06:08'),
(3030, 'Zak@tau.ac.il', 279, 35, '2011-03-22 20:06:08'),
(3031, 'Zak@tau.ac.il', 285, 35, '2011-03-22 20:06:08'),
(3032, 'Zak@tau.ac.il', 225, 35, '2011-03-22 20:06:08'),
(3033, 'Zak@tau.ac.il', 215, 35, '2011-03-22 20:06:08'),
(3034, 'Zak@tau.ac.il', 228, 35, '2011-03-22 20:06:08'),
(3035, 'Zak@tau.ac.il', 147, 35, '2011-03-22 20:06:08'),
(3036, 'Zak@tau.ac.il', 162, 35, '2011-03-22 20:06:08'),
(3037, 'Penny@tau.ac.il', 177, 35, '2011-03-22 20:06:08'),
(3038, 'Penny@tau.ac.il', 136, 35, '2011-03-22 20:06:08'),
(3039, 'Penny@tau.ac.il', 157, 35, '2011-03-22 20:06:08'),
(3040, 'Penny@tau.ac.il', 198, 35, '2011-03-22 20:06:08'),
(3041, 'Penny@tau.ac.il', 218, 35, '2011-03-22 20:06:08'),
(3042, 'Penny@tau.ac.il', 220, 35, '2011-03-22 20:06:08'),
(3043, 'Penny@tau.ac.il', 254, 35, '2011-03-22 20:06:08'),
(3044, 'Penny@tau.ac.il', 140, 35, '2011-03-22 20:06:08'),
(3045, 'Penny@tau.ac.il', 196, 35, '2011-03-22 20:06:08'),
(3046, 'Penny@tau.ac.il', 143, 35, '2011-03-22 20:06:08'),
(3047, 'Penny@tau.ac.il', 182, 35, '2011-03-22 20:06:08'),
(3048, 'Penny@tau.ac.il', 226, 35, '2011-03-22 20:06:08'),
(3049, 'Penny@tau.ac.il', 213, 35, '2011-03-22 20:06:08'),
(3050, 'Penny@tau.ac.il', 225, 35, '2011-03-22 20:06:08'),
(3051, 'Penny@tau.ac.il', 184, 35, '2011-03-22 20:06:08'),
(3052, 'Penny@tau.ac.il', 274, 35, '2011-03-22 20:06:08'),
(3053, 'Penny@tau.ac.il', 252, 35, '2011-03-22 20:06:08'),
(3054, 'Amy@tau.ac.il', 222, 35, '2011-03-22 20:06:08'),
(3055, 'Amy@tau.ac.il', 200, 35, '2011-03-22 20:06:08'),
(3056, 'Amy@tau.ac.il', 246, 35, '2011-03-22 20:06:08'),
(3057, 'Amy@tau.ac.il', 159, 35, '2011-03-22 20:06:08'),
(3058, 'Amy@tau.ac.il', 143, 35, '2011-03-22 20:06:08'),
(3059, 'Amy@tau.ac.il', 171, 35, '2011-03-22 20:06:08'),
(3060, 'Amy@tau.ac.il', 250, 35, '2011-03-22 20:06:08'),
(3061, 'Amy@tau.ac.il', 280, 35, '2011-03-22 20:06:08'),
(3062, 'Amy@tau.ac.il', 187, 35, '2011-03-22 20:06:08'),
(3063, 'Amy@tau.ac.il', 239, 35, '2011-03-22 20:06:08'),
(3064, 'Amy@tau.ac.il', 255, 35, '2011-03-22 20:06:08'),
(3065, 'Amy@tau.ac.il', 139, 35, '2011-03-22 20:06:08'),
(3066, 'Amy@tau.ac.il', 256, 35, '2011-03-22 20:06:08'),
(3067, 'Amy@tau.ac.il', 208, 35, '2011-03-22 20:06:08'),
(3068, 'Amy@tau.ac.il', 165, 35, '2011-03-22 20:06:08'),
(3069, 'Amy@tau.ac.il', 226, 35, '2011-03-22 20:06:08'),
(3070, 'Amy@tau.ac.il', 273, 35, '2011-03-22 20:06:08'),
(3071, 'Bernadeth@tau.ac.il', 279, 35, '2011-03-22 20:06:08'),
(3072, 'Bernadeth@tau.ac.il', 234, 35, '2011-03-22 20:06:08'),
(3073, 'Bernadeth@tau.ac.il', 136, 35, '2011-03-22 20:06:08'),
(3074, 'Bernadeth@tau.ac.il', 235, 35, '2011-03-22 20:06:08'),
(3075, 'Bernadeth@tau.ac.il', 282, 35, '2011-03-22 20:06:08'),
(3076, 'Bernadeth@tau.ac.il', 135, 35, '2011-03-22 20:06:08'),
(3077, 'Bernadeth@tau.ac.il', 280, 35, '2011-03-22 20:06:08'),
(3078, 'Bernadeth@tau.ac.il', 145, 35, '2011-03-22 20:06:08'),
(3079, 'Bernadeth@tau.ac.il', 179, 35, '2011-03-22 20:06:08'),
(3080, 'Bernadeth@tau.ac.il', 223, 35, '2011-03-22 20:06:08'),
(3081, 'Bernadeth@tau.ac.il', 258, 35, '2011-03-22 20:06:08'),
(3082, 'Bernadeth@tau.ac.il', 140, 35, '2011-03-22 20:06:08'),
(3083, 'Bernadeth@tau.ac.il', 142, 35, '2011-03-22 20:06:08'),
(3084, 'Bernadeth@tau.ac.il', 220, 35, '2011-03-22 20:06:08'),
(3085, 'Bernadeth@tau.ac.il', 182, 35, '2011-03-22 20:06:08'),
(3086, 'Bernadeth@tau.ac.il', 197, 35, '2011-03-22 20:06:08'),
(3087, 'Bernadeth@tau.ac.il', 212, 35, '2011-03-22 20:06:08'),
(3088, 'Rhaj@tau.ac.il', 246, 35, '2011-03-22 20:06:08'),
(3089, 'Rhaj@tau.ac.il', 203, 35, '2011-03-22 20:06:08'),
(3090, 'Rhaj@tau.ac.il', 183, 35, '2011-03-22 20:06:08'),
(3091, 'Rhaj@tau.ac.il', 145, 35, '2011-03-22 20:06:08'),
(3092, 'Rhaj@tau.ac.il', 196, 35, '2011-03-22 20:06:08'),
(3093, 'Rhaj@tau.ac.il', 222, 35, '2011-03-22 20:06:08'),
(3094, 'Rhaj@tau.ac.il', 251, 35, '2011-03-22 20:06:08'),
(3095, 'Rhaj@tau.ac.il', 223, 35, '2011-03-22 20:06:08'),
(3096, 'Rhaj@tau.ac.il', 234, 35, '2011-03-22 20:06:08'),
(3097, 'Rhaj@tau.ac.il', 258, 35, '2011-03-22 20:06:08'),
(3098, 'Rhaj@tau.ac.il', 198, 35, '2011-03-22 20:06:08'),
(3099, 'Rhaj@tau.ac.il', 256, 35, '2011-03-22 20:06:08'),
(3100, 'Rhaj@tau.ac.il', 245, 35, '2011-03-22 20:06:08'),
(3101, 'Rhaj@tau.ac.il', 240, 35, '2011-03-22 20:06:08'),
(3102, 'Rhaj@tau.ac.il', 163, 35, '2011-03-22 20:06:08'),
(3103, 'Rhaj@tau.ac.il', 253, 35, '2011-03-22 20:06:08'),
(3104, 'Rhaj@tau.ac.il', 144, 35, '2011-03-22 20:06:08'),
(3105, 'Howard@tau.ac.il', 172, 35, '2011-03-22 20:06:08'),
(3106, 'Howard@tau.ac.il', 280, 35, '2011-03-22 20:06:08'),
(3107, 'Howard@tau.ac.il', 260, 35, '2011-03-22 20:06:08'),
(3108, 'Howard@tau.ac.il', 167, 35, '2011-03-22 20:06:08'),
(3109, 'Howard@tau.ac.il', 162, 35, '2011-03-22 20:06:08'),
(3110, 'Howard@tau.ac.il', 170, 35, '2011-03-22 20:06:08'),
(3111, 'Howard@tau.ac.il', 276, 35, '2011-03-22 20:06:08'),
(3112, 'Howard@tau.ac.il', 173, 35, '2011-03-22 20:06:08'),
(3113, 'Howard@tau.ac.il', 244, 35, '2011-03-22 20:06:08'),
(3114, 'Howard@tau.ac.il', 236, 35, '2011-03-22 20:06:08'),
(3115, 'Howard@tau.ac.il', 253, 35, '2011-03-22 20:06:08'),
(3116, 'Howard@tau.ac.il', 250, 35, '2011-03-22 20:06:08'),
(3117, 'Howard@tau.ac.il', 181, 35, '2011-03-22 20:06:08'),
(3118, 'Howard@tau.ac.il', 271, 35, '2011-03-22 20:06:08'),
(3119, 'Howard@tau.ac.il', 168, 35, '2011-03-22 20:06:08'),
(3120, 'Howard@tau.ac.il', 188, 35, '2011-03-22 20:06:08'),
(3121, 'Howard@tau.ac.il', 219, 35, '2011-03-22 20:06:08'),
(3122, 'Monica@tau.ac.il', 188, 35, '2011-03-22 20:06:08'),
(3123, 'Monica@tau.ac.il', 165, 35, '2011-03-22 20:06:08'),
(3124, 'Monica@tau.ac.il', 223, 35, '2011-03-22 20:06:08'),
(3125, 'Monica@tau.ac.il', 231, 35, '2011-03-22 20:06:08'),
(3126, 'Monica@tau.ac.il', 155, 35, '2011-03-22 20:06:08'),
(3127, 'Monica@tau.ac.il', 143, 35, '2011-03-22 20:06:08'),
(3128, 'Monica@tau.ac.il', 263, 35, '2011-03-22 20:06:08'),
(3129, 'Monica@tau.ac.il', 232, 35, '2011-03-22 20:06:08'),
(3130, 'Monica@tau.ac.il', 199, 35, '2011-03-22 20:06:08'),
(3131, 'Monica@tau.ac.il', 162, 35, '2011-03-22 20:06:08'),
(3132, 'Monica@tau.ac.il', 210, 35, '2011-03-22 20:06:08'),
(3133, 'Monica@tau.ac.il', 283, 35, '2011-03-22 20:06:08'),
(3134, 'Monica@tau.ac.il', 252, 35, '2011-03-22 20:06:08'),
(3135, 'Monica@tau.ac.il', 192, 35, '2011-03-22 20:06:08'),
(3136, 'Monica@tau.ac.il', 208, 35, '2011-03-22 20:06:08'),
(3137, 'Monica@tau.ac.il', 218, 35, '2011-03-22 20:06:08'),
(3138, 'Monica@tau.ac.il', 237, 35, '2011-03-22 20:06:08'),
(3139, 'Albert@tau.ac.il', 134, 35, '2011-03-22 20:06:08'),
(3140, 'Scott@tau.ac.il', 134, 35, '2011-03-22 20:06:08'),
(3141, 'Albert@tau.ac.il', 135, 35, '2011-03-22 20:06:08'),
(3142, 'Scott@tau.ac.il', 135, 35, '2011-03-22 20:06:08'),
(3143, 'Albert@tau.ac.il', 136, 35, '2011-03-22 20:06:08'),
(3144, 'Scott@tau.ac.il', 136, 35, '2011-03-22 20:06:08'),
(3145, 'Albert@tau.ac.il', 137, 35, '2011-03-22 20:06:08'),
(3146, 'Scott@tau.ac.il', 137, 35, '2011-03-22 20:06:08'),
(3147, 'Albert@tau.ac.il', 138, 35, '2011-03-22 20:06:08'),
(3148, 'Scott@tau.ac.il', 138, 35, '2011-03-22 20:06:08'),
(3149, 'Albert@tau.ac.il', 139, 35, '2011-03-22 20:06:08'),
(3150, 'Scott@tau.ac.il', 139, 35, '2011-03-22 20:06:08'),
(3151, 'Albert@tau.ac.il', 140, 35, '2011-03-22 20:06:08'),
(3152, 'Scott@tau.ac.il', 140, 35, '2011-03-22 20:06:08'),
(3153, 'Albert@tau.ac.il', 141, 35, '2011-03-22 20:06:08'),
(3154, 'Scott@tau.ac.il', 141, 35, '2011-03-22 20:06:08'),
(3155, 'Jack@tau.ac.il', 306, 36, '2011-03-22 20:06:08'),
(3156, 'Jack@tau.ac.il', 307, 36, '2011-03-22 20:06:08'),
(3157, 'Jack@tau.ac.il', 308, 36, '2011-03-22 20:06:08'),
(3158, 'Jack@tau.ac.il', 309, 36, '2011-03-22 20:06:08'),
(3159, 'Jack@tau.ac.il', 310, 36, '2011-03-22 20:06:08'),
(3160, 'Jack@tau.ac.il', 311, 36, '2011-03-22 20:06:08'),
(3161, 'Jack@tau.ac.il', 312, 36, '2011-03-22 20:06:08'),
(3162, 'Jack@tau.ac.il', 313, 36, '2011-03-22 20:06:08'),
(3163, 'Roy@tau.ac.il', 305, 36, '2011-03-22 20:06:08'),
(3164, 'Roy@tau.ac.il', 306, 36, '2011-03-22 20:06:08'),
(3165, 'Roy@tau.ac.il', 307, 36, '2011-03-22 20:06:08'),
(3166, 'Roy@tau.ac.il', 308, 36, '2011-03-22 20:06:08'),
(3167, 'Roy@tau.ac.il', 309, 36, '2011-03-22 20:06:08'),
(3168, 'Roy@tau.ac.il', 311, 36, '2011-03-22 20:06:08'),
(3169, 'Roy@tau.ac.il', 312, 36, '2011-03-22 20:06:08'),
(3170, 'Roy@tau.ac.il', 313, 36, '2011-03-22 20:06:08'),
(3171, 'Eric@tau.ac.il', 305, 36, '2011-03-22 20:06:08'),
(3172, 'Eric@tau.ac.il', 306, 36, '2011-03-22 20:06:08'),
(3173, 'Eric@tau.ac.il', 307, 36, '2011-03-22 20:06:08'),
(3174, 'Eric@tau.ac.il', 308, 36, '2011-03-22 20:06:08'),
(3175, 'Eric@tau.ac.il', 309, 36, '2011-03-22 20:06:08'),
(3176, 'Eric@tau.ac.il', 310, 36, '2011-03-22 20:06:08'),
(3177, 'Eric@tau.ac.il', 311, 36, '2011-03-22 20:06:08'),
(3178, 'Eric@tau.ac.il', 312, 36, '2011-03-22 20:06:08'),
(3179, 'Daniel@tau.ac.il', 305, 36, '2011-03-22 20:06:08'),
(3180, 'Daniel@tau.ac.il', 306, 36, '2011-03-22 20:06:08'),
(3181, 'Daniel@tau.ac.il', 307, 36, '2011-03-22 20:06:08'),
(3182, 'Daniel@tau.ac.il', 309, 36, '2011-03-22 20:06:08'),
(3183, 'Daniel@tau.ac.il', 310, 36, '2011-03-22 20:06:08'),
(3184, 'Daniel@tau.ac.il', 311, 36, '2011-03-22 20:06:08'),
(3185, 'Daniel@tau.ac.il', 312, 36, '2011-03-22 20:06:08'),
(3186, 'Daniel@tau.ac.il', 313, 36, '2011-03-22 20:06:08'),
(3187, 'Mike@tau.ac.il', 305, 36, '2011-03-22 20:06:08'),
(3188, 'Mike@tau.ac.il', 307, 36, '2011-03-22 20:06:08'),
(3189, 'Mike@tau.ac.il', 308, 36, '2011-03-22 20:06:08'),
(3190, 'Mike@tau.ac.il', 309, 36, '2011-03-22 20:06:08'),
(3191, 'Mike@tau.ac.il', 310, 36, '2011-03-22 20:06:08'),
(3192, 'Mike@tau.ac.il', 311, 36, '2011-03-22 20:06:08'),
(3193, 'Mike@tau.ac.il', 312, 36, '2011-03-22 20:06:08'),
(3194, 'Mike@tau.ac.il', 313, 36, '2011-03-22 20:06:08'),
(3195, 'John@tau.ac.il', 305, 36, '2011-03-22 20:06:08'),
(3196, 'John@tau.ac.il', 306, 36, '2011-03-22 20:06:08'),
(3197, 'John@tau.ac.il', 307, 36, '2011-03-22 20:06:08'),
(3198, 'John@tau.ac.il', 309, 36, '2011-03-22 20:06:08'),
(3199, 'John@tau.ac.il', 310, 36, '2011-03-22 20:06:08'),
(3200, 'John@tau.ac.il', 311, 36, '2011-03-22 20:06:08'),
(3201, 'John@tau.ac.il', 312, 36, '2011-03-22 20:06:08'),
(3202, 'John@tau.ac.il', 313, 36, '2011-03-22 20:06:08'),
(3203, 'George@tau.ac.il', 305, 36, '2011-03-22 20:06:08'),
(3204, 'George@tau.ac.il', 306, 36, '2011-03-22 20:06:08'),
(3205, 'George@tau.ac.il', 307, 36, '2011-03-22 20:06:08'),
(3206, 'George@tau.ac.il', 308, 36, '2011-03-22 20:06:08'),
(3207, 'George@tau.ac.il', 309, 36, '2011-03-22 20:06:08'),
(3208, 'George@tau.ac.il', 310, 36, '2011-03-22 20:06:08'),
(3209, 'George@tau.ac.il', 312, 36, '2011-03-22 20:06:08'),
(3210, 'George@tau.ac.il', 313, 36, '2011-03-22 20:06:08'),
(3211, 'Larry@tau.ac.il', 305, 36, '2011-03-22 20:06:08'),
(3212, 'Larry@tau.ac.il', 306, 36, '2011-03-22 20:06:08'),
(3213, 'Larry@tau.ac.il', 307, 36, '2011-03-22 20:06:08'),
(3214, 'Larry@tau.ac.il', 309, 36, '2011-03-22 20:06:08'),
(3215, 'Larry@tau.ac.il', 310, 36, '2011-03-22 20:06:08'),
(3216, 'Larry@tau.ac.il', 311, 36, '2011-03-22 20:06:08'),
(3217, 'Larry@tau.ac.il', 312, 36, '2011-03-22 20:06:08'),
(3218, 'Larry@tau.ac.il', 313, 36, '2011-03-22 20:06:08'),
(3219, 'James@tau.ac.il', 305, 36, '2011-03-22 20:06:08'),
(3220, 'James@tau.ac.il', 306, 36, '2011-03-22 20:06:08'),
(3221, 'James@tau.ac.il', 307, 36, '2011-03-22 20:06:08'),
(3222, 'James@tau.ac.il', 309, 36, '2011-03-22 20:06:08'),
(3223, 'James@tau.ac.il', 310, 36, '2011-03-22 20:06:08'),
(3224, 'James@tau.ac.il', 311, 36, '2011-03-22 20:06:08'),
(3225, 'James@tau.ac.il', 312, 36, '2011-03-22 20:06:08'),
(3226, 'James@tau.ac.il', 313, 36, '2011-03-22 20:06:08'),
(3227, 'Mark@tau.ac.il', 305, 36, '2011-03-22 20:06:08'),
(3228, 'Mark@tau.ac.il', 306, 36, '2011-03-22 20:06:08'),
(3229, 'Mark@tau.ac.il', 307, 36, '2011-03-22 20:06:08'),
(3230, 'Mark@tau.ac.il', 308, 36, '2011-03-22 20:06:08'),
(3231, 'Mark@tau.ac.il', 309, 36, '2011-03-22 20:06:08'),
(3232, 'Mark@tau.ac.il', 310, 36, '2011-03-22 20:06:08'),
(3233, 'Mark@tau.ac.il', 312, 36, '2011-03-22 20:06:08'),
(3234, 'Mark@tau.ac.il', 313, 36, '2011-03-22 20:06:08'),
(3235, 'Isaac@tau.ac.il', 340, 36, '2011-03-22 20:06:08'),
(3236, 'Isaac@tau.ac.il', 364, 36, '2011-03-22 20:06:08'),
(3237, 'Isaac@tau.ac.il', 346, 36, '2011-03-22 20:06:08'),
(3238, 'Isaac@tau.ac.il', 319, 36, '2011-03-22 20:06:08'),
(3239, 'Isaac@tau.ac.il', 327, 36, '2011-03-22 20:06:08'),
(3240, 'Isaac@tau.ac.il', 312, 36, '2011-03-22 20:06:08'),
(3241, 'Isaac@tau.ac.il', 385, 36, '2011-03-22 20:06:08'),
(3242, 'Isaac@tau.ac.il', 328, 36, '2011-03-22 20:06:08'),
(3243, 'Isaac@tau.ac.il', 355, 36, '2011-03-22 20:06:08'),
(3244, 'Sheldon@tau.ac.il', 330, 36, '2011-03-22 20:06:08'),
(3245, 'Sheldon@tau.ac.il', 374, 36, '2011-03-22 20:06:08'),
(3246, 'Sheldon@tau.ac.il', 331, 36, '2011-03-22 20:06:08'),
(3247, 'Sheldon@tau.ac.il', 370, 36, '2011-03-22 20:06:08'),
(3248, 'Sheldon@tau.ac.il', 319, 36, '2011-03-22 20:06:08'),
(3249, 'Sheldon@tau.ac.il', 329, 36, '2011-03-22 20:06:08'),
(3250, 'Sheldon@tau.ac.il', 310, 36, '2011-03-22 20:06:08'),
(3251, 'Sheldon@tau.ac.il', 345, 36, '2011-03-22 20:06:08'),
(3252, 'Sheldon@tau.ac.il', 342, 36, '2011-03-22 20:06:08'),
(3253, 'Leonard@tau.ac.il', 354, 36, '2011-03-22 20:06:08'),
(3254, 'Leonard@tau.ac.il', 307, 36, '2011-03-22 20:06:08'),
(3255, 'Leonard@tau.ac.il', 331, 36, '2011-03-22 20:06:08'),
(3256, 'Leonard@tau.ac.il', 316, 36, '2011-03-22 20:06:08'),
(3257, 'Leonard@tau.ac.il', 367, 36, '2011-03-22 20:06:08'),
(3258, 'Leonard@tau.ac.il', 356, 36, '2011-03-22 20:06:08'),
(3259, 'Leonard@tau.ac.il', 384, 36, '2011-03-22 20:06:08'),
(3260, 'Leonard@tau.ac.il', 372, 36, '2011-03-22 20:06:08'),
(3261, 'Leonard@tau.ac.il', 350, 36, '2011-03-22 20:06:08'),
(3262, 'Zak@tau.ac.il', 354, 36, '2011-03-22 20:06:08'),
(3263, 'Zak@tau.ac.il', 320, 36, '2011-03-22 20:06:08'),
(3264, 'Zak@tau.ac.il', 378, 36, '2011-03-22 20:06:08'),
(3265, 'Zak@tau.ac.il', 331, 36, '2011-03-22 20:06:08'),
(3266, 'Zak@tau.ac.il', 353, 36, '2011-03-22 20:06:08'),
(3267, 'Zak@tau.ac.il', 367, 36, '2011-03-22 20:06:08'),
(3268, 'Zak@tau.ac.il', 363, 36, '2011-03-22 20:06:08'),
(3269, 'Zak@tau.ac.il', 361, 36, '2011-03-22 20:06:08'),
(3270, 'Zak@tau.ac.il', 326, 36, '2011-03-22 20:06:08'),
(3271, 'Penny@tau.ac.il', 350, 36, '2011-03-22 20:06:08'),
(3272, 'Penny@tau.ac.il', 346, 36, '2011-03-22 20:06:08'),
(3273, 'Penny@tau.ac.il', 351, 36, '2011-03-22 20:06:08'),
(3274, 'Penny@tau.ac.il', 328, 36, '2011-03-22 20:06:08'),
(3275, 'Penny@tau.ac.il', 339, 36, '2011-03-22 20:06:08'),
(3276, 'Penny@tau.ac.il', 333, 36, '2011-03-22 20:06:08'),
(3277, 'Penny@tau.ac.il', 384, 36, '2011-03-22 20:06:08'),
(3278, 'Penny@tau.ac.il', 347, 36, '2011-03-22 20:06:08'),
(3279, 'Penny@tau.ac.il', 352, 36, '2011-03-22 20:06:08'),
(3280, 'Amy@tau.ac.il', 343, 36, '2011-03-22 20:06:08'),
(3281, 'Amy@tau.ac.il', 307, 36, '2011-03-22 20:06:08'),
(3282, 'Amy@tau.ac.il', 335, 36, '2011-03-22 20:06:08'),
(3283, 'Amy@tau.ac.il', 316, 36, '2011-03-22 20:06:08'),
(3284, 'Amy@tau.ac.il', 358, 36, '2011-03-22 20:06:08'),
(3285, 'Amy@tau.ac.il', 317, 36, '2011-03-22 20:06:08'),
(3286, 'Amy@tau.ac.il', 321, 36, '2011-03-22 20:06:08'),
(3287, 'Amy@tau.ac.il', 312, 36, '2011-03-22 20:06:08'),
(3288, 'Amy@tau.ac.il', 355, 36, '2011-03-22 20:06:08'),
(3289, 'Bernadeth@tau.ac.il', 362, 36, '2011-03-22 20:06:08'),
(3290, 'Bernadeth@tau.ac.il', 341, 36, '2011-03-22 20:06:08'),
(3291, 'Bernadeth@tau.ac.il', 339, 36, '2011-03-22 20:06:08'),
(3292, 'Bernadeth@tau.ac.il', 332, 36, '2011-03-22 20:06:08'),
(3293, 'Bernadeth@tau.ac.il', 322, 36, '2011-03-22 20:06:08'),
(3294, 'Bernadeth@tau.ac.il', 308, 36, '2011-03-22 20:06:08'),
(3295, 'Bernadeth@tau.ac.il', 377, 36, '2011-03-22 20:06:08'),
(3296, 'Bernadeth@tau.ac.il', 342, 36, '2011-03-22 20:06:08'),
(3297, 'Bernadeth@tau.ac.il', 365, 36, '2011-03-22 20:06:08'),
(3298, 'Rhaj@tau.ac.il', 366, 36, '2011-03-22 20:06:08'),
(3299, 'Rhaj@tau.ac.il', 372, 36, '2011-03-22 20:06:08'),
(3300, 'Rhaj@tau.ac.il', 322, 36, '2011-03-22 20:06:08'),
(3301, 'Rhaj@tau.ac.il', 343, 36, '2011-03-22 20:06:08'),
(3302, 'Rhaj@tau.ac.il', 376, 36, '2011-03-22 20:06:08'),
(3303, 'Rhaj@tau.ac.il', 338, 36, '2011-03-22 20:06:08'),
(3304, 'Rhaj@tau.ac.il', 342, 36, '2011-03-22 20:06:08'),
(3305, 'Rhaj@tau.ac.il', 333, 36, '2011-03-22 20:06:08'),
(3306, 'Rhaj@tau.ac.il', 325, 36, '2011-03-22 20:06:08'),
(3307, 'Howard@tau.ac.il', 371, 36, '2011-03-22 20:06:08'),
(3308, 'Howard@tau.ac.il', 349, 36, '2011-03-22 20:06:08'),
(3309, 'Howard@tau.ac.il', 356, 36, '2011-03-22 20:06:08'),
(3310, 'Howard@tau.ac.il', 312, 36, '2011-03-22 20:06:08'),
(3311, 'Howard@tau.ac.il', 363, 36, '2011-03-22 20:06:08'),
(3312, 'Howard@tau.ac.il', 326, 36, '2011-03-22 20:06:08'),
(3313, 'Howard@tau.ac.il', 309, 36, '2011-03-22 20:06:08'),
(3314, 'Howard@tau.ac.il', 327, 36, '2011-03-22 20:06:08'),
(3315, 'Howard@tau.ac.il', 383, 36, '2011-03-22 20:06:08'),
(3316, 'Monica@tau.ac.il', 331, 36, '2011-03-22 20:06:08'),
(3317, 'Monica@tau.ac.il', 358, 36, '2011-03-22 20:06:08'),
(3318, 'Monica@tau.ac.il', 334, 36, '2011-03-22 20:06:08'),
(3319, 'Monica@tau.ac.il', 335, 36, '2011-03-22 20:06:08'),
(3320, 'Monica@tau.ac.il', 322, 36, '2011-03-22 20:06:08'),
(3321, 'Monica@tau.ac.il', 339, 36, '2011-03-22 20:06:08'),
(3322, 'Monica@tau.ac.il', 355, 36, '2011-03-22 20:06:08'),
(3323, 'Monica@tau.ac.il', 324, 36, '2011-03-22 20:06:08'),
(3324, 'Monica@tau.ac.il', 361, 36, '2011-03-22 20:06:08'),
(3325, 'Albert@tau.ac.il', 305, 36, '2011-03-22 20:06:08'),
(3326, 'Scott@tau.ac.il', 305, 36, '2011-03-22 20:06:08'),
(3327, 'Albert@tau.ac.il', 306, 36, '2011-03-22 20:06:08'),
(3328, 'Scott@tau.ac.il', 306, 36, '2011-03-22 20:06:08'),
(3329, 'Albert@tau.ac.il', 307, 36, '2011-03-22 20:06:08'),
(3330, 'Scott@tau.ac.il', 307, 36, '2011-03-22 20:06:08'),
(3331, 'Albert@tau.ac.il', 308, 36, '2011-03-22 20:06:08'),
(3332, 'Scott@tau.ac.il', 308, 36, '2011-03-22 20:06:08'),
(3333, 'Jack@tau.ac.il', 396, 37, '2011-03-22 20:06:08'),
(3334, 'Jack@tau.ac.il', 397, 37, '2011-03-22 20:06:08'),
(3335, 'Jack@tau.ac.il', 398, 37, '2011-03-22 20:06:08'),
(3336, 'Jack@tau.ac.il', 399, 37, '2011-03-22 20:06:08'),
(3337, 'Jack@tau.ac.il', 401, 37, '2011-03-22 20:06:08'),
(3338, 'Jack@tau.ac.il', 402, 37, '2011-03-22 20:06:08'),
(3339, 'Jack@tau.ac.il', 403, 37, '2011-03-22 20:06:08'),
(3340, 'Roy@tau.ac.il', 396, 37, '2011-03-22 20:06:08'),
(3341, 'Roy@tau.ac.il', 397, 37, '2011-03-22 20:06:08'),
(3342, 'Roy@tau.ac.il', 398, 37, '2011-03-22 20:06:08'),
(3343, 'Roy@tau.ac.il', 399, 37, '2011-03-22 20:06:08'),
(3344, 'Roy@tau.ac.il', 401, 37, '2011-03-22 20:06:08'),
(3345, 'Roy@tau.ac.il', 402, 37, '2011-03-22 20:06:08'),
(3346, 'Roy@tau.ac.il', 403, 37, '2011-03-22 20:06:08'),
(3347, 'Eric@tau.ac.il', 397, 37, '2011-03-22 20:06:08'),
(3348, 'Eric@tau.ac.il', 398, 37, '2011-03-22 20:06:08'),
(3349, 'Eric@tau.ac.il', 399, 37, '2011-03-22 20:06:08'),
(3350, 'Eric@tau.ac.il', 400, 37, '2011-03-22 20:06:08'),
(3351, 'Eric@tau.ac.il', 401, 37, '2011-03-22 20:06:08'),
(3352, 'Eric@tau.ac.il', 402, 37, '2011-03-22 20:06:08'),
(3353, 'Eric@tau.ac.il', 403, 37, '2011-03-22 20:06:08'),
(3354, 'Daniel@tau.ac.il', 397, 37, '2011-03-22 20:06:08'),
(3355, 'Daniel@tau.ac.il', 398, 37, '2011-03-22 20:06:08'),
(3356, 'Daniel@tau.ac.il', 399, 37, '2011-03-22 20:06:08'),
(3357, 'Daniel@tau.ac.il', 400, 37, '2011-03-22 20:06:08'),
(3358, 'Daniel@tau.ac.il', 401, 37, '2011-03-22 20:06:08'),
(3359, 'Daniel@tau.ac.il', 402, 37, '2011-03-22 20:06:08'),
(3360, 'Daniel@tau.ac.il', 403, 37, '2011-03-22 20:06:08'),
(3361, 'Mike@tau.ac.il', 396, 37, '2011-03-22 20:06:08'),
(3362, 'Mike@tau.ac.il', 398, 37, '2011-03-22 20:06:08'),
(3363, 'Mike@tau.ac.il', 399, 37, '2011-03-22 20:06:08'),
(3364, 'Mike@tau.ac.il', 400, 37, '2011-03-22 20:06:08'),
(3365, 'Mike@tau.ac.il', 401, 37, '2011-03-22 20:06:08'),
(3366, 'Mike@tau.ac.il', 402, 37, '2011-03-22 20:06:08'),
(3367, 'Mike@tau.ac.il', 403, 37, '2011-03-22 20:06:08'),
(3368, 'John@tau.ac.il', 396, 37, '2011-03-22 20:06:08'),
(3369, 'John@tau.ac.il', 398, 37, '2011-03-22 20:06:08'),
(3370, 'John@tau.ac.il', 399, 37, '2011-03-22 20:06:08'),
(3371, 'John@tau.ac.il', 400, 37, '2011-03-22 20:06:08'),
(3372, 'John@tau.ac.il', 401, 37, '2011-03-22 20:06:08'),
(3373, 'John@tau.ac.il', 402, 37, '2011-03-22 20:06:08'),
(3374, 'John@tau.ac.il', 403, 37, '2011-03-22 20:06:08'),
(3375, 'George@tau.ac.il', 396, 37, '2011-03-22 20:06:08'),
(3376, 'George@tau.ac.il', 397, 37, '2011-03-22 20:06:08'),
(3377, 'George@tau.ac.il', 398, 37, '2011-03-22 20:06:08'),
(3378, 'George@tau.ac.il', 400, 37, '2011-03-22 20:06:08'),
(3379, 'George@tau.ac.il', 401, 37, '2011-03-22 20:06:08'),
(3380, 'George@tau.ac.il', 402, 37, '2011-03-22 20:06:08'),
(3381, 'George@tau.ac.il', 403, 37, '2011-03-22 20:06:08'),
(3382, 'Larry@tau.ac.il', 396, 37, '2011-03-22 20:06:08'),
(3383, 'Larry@tau.ac.il', 397, 37, '2011-03-22 20:06:08'),
(3384, 'Larry@tau.ac.il', 398, 37, '2011-03-22 20:06:08'),
(3385, 'Larry@tau.ac.il', 399, 37, '2011-03-22 20:06:08'),
(3386, 'Larry@tau.ac.il', 401, 37, '2011-03-22 20:06:08'),
(3387, 'Larry@tau.ac.il', 402, 37, '2011-03-22 20:06:08'),
(3388, 'Larry@tau.ac.il', 403, 37, '2011-03-22 20:06:08'),
(3389, 'James@tau.ac.il', 396, 37, '2011-03-22 20:06:08'),
(3390, 'James@tau.ac.il', 397, 37, '2011-03-22 20:06:08'),
(3391, 'James@tau.ac.il', 399, 37, '2011-03-22 20:06:08'),
(3392, 'James@tau.ac.il', 400, 37, '2011-03-22 20:06:08'),
(3393, 'James@tau.ac.il', 401, 37, '2011-03-22 20:06:08'),
(3394, 'James@tau.ac.il', 402, 37, '2011-03-22 20:06:08'),
(3395, 'James@tau.ac.il', 403, 37, '2011-03-22 20:06:08'),
(3396, 'Mark@tau.ac.il', 396, 37, '2011-03-22 20:06:08'),
(3397, 'Mark@tau.ac.il', 397, 37, '2011-03-22 20:06:08'),
(3398, 'Mark@tau.ac.il', 398, 37, '2011-03-22 20:06:08'),
(3399, 'Mark@tau.ac.il', 399, 37, '2011-03-22 20:06:08'),
(3400, 'Mark@tau.ac.il', 400, 37, '2011-03-22 20:06:08'),
(3401, 'Mark@tau.ac.il', 401, 37, '2011-03-22 20:06:08'),
(3402, 'Mark@tau.ac.il', 403, 37, '2011-03-22 20:06:08'),
(3403, 'Isaac@tau.ac.il', 461, 37, '2011-03-22 20:06:08'),
(3404, 'Isaac@tau.ac.il', 434, 37, '2011-03-22 20:06:08'),
(3405, 'Isaac@tau.ac.il', 424, 37, '2011-03-22 20:06:08'),
(3406, 'Isaac@tau.ac.il', 396, 37, '2011-03-22 20:06:08'),
(3407, 'Isaac@tau.ac.il', 414, 37, '2011-03-22 20:06:08'),
(3408, 'Isaac@tau.ac.il', 407, 37, '2011-03-22 20:06:08'),
(3409, 'Isaac@tau.ac.il', 443, 37, '2011-03-22 20:06:08'),
(3410, 'Isaac@tau.ac.il', 467, 37, '2011-03-22 20:06:08'),
(3411, 'Sheldon@tau.ac.il', 418, 37, '2011-03-22 20:06:08'),
(3412, 'Sheldon@tau.ac.il', 413, 37, '2011-03-22 20:06:08'),
(3413, 'Sheldon@tau.ac.il', 460, 37, '2011-03-22 20:06:08'),
(3414, 'Sheldon@tau.ac.il', 405, 37, '2011-03-22 20:06:08'),
(3415, 'Sheldon@tau.ac.il', 437, 37, '2011-03-22 20:06:08'),
(3416, 'Sheldon@tau.ac.il', 440, 37, '2011-03-22 20:06:08'),
(3417, 'Sheldon@tau.ac.il', 446, 37, '2011-03-22 20:06:08'),
(3418, 'Sheldon@tau.ac.il', 458, 37, '2011-03-22 20:06:08'),
(3419, 'Leonard@tau.ac.il', 403, 37, '2011-03-22 20:06:08'),
(3420, 'Leonard@tau.ac.il', 424, 37, '2011-03-22 20:06:08'),
(3421, 'Leonard@tau.ac.il', 456, 37, '2011-03-22 20:06:08'),
(3422, 'Leonard@tau.ac.il', 415, 37, '2011-03-22 20:06:08'),
(3423, 'Leonard@tau.ac.il', 445, 37, '2011-03-22 20:06:08'),
(3424, 'Leonard@tau.ac.il', 427, 37, '2011-03-22 20:06:08'),
(3425, 'Leonard@tau.ac.il', 457, 37, '2011-03-22 20:06:08'),
(3426, 'Leonard@tau.ac.il', 411, 37, '2011-03-22 20:06:08'),
(3427, 'Zak@tau.ac.il', 449, 37, '2011-03-22 20:06:08'),
(3428, 'Zak@tau.ac.il', 461, 37, '2011-03-22 20:06:08'),
(3429, 'Zak@tau.ac.il', 411, 37, '2011-03-22 20:06:08'),
(3430, 'Zak@tau.ac.il', 467, 37, '2011-03-22 20:06:08'),
(3431, 'Zak@tau.ac.il', 466, 37, '2011-03-22 20:06:08'),
(3432, 'Zak@tau.ac.il', 459, 37, '2011-03-22 20:06:08'),
(3433, 'Zak@tau.ac.il', 434, 37, '2011-03-22 20:06:08'),
(3434, 'Zak@tau.ac.il', 443, 37, '2011-03-22 20:06:08'),
(3435, 'Penny@tau.ac.il', 429, 37, '2011-03-22 20:06:08'),
(3436, 'Penny@tau.ac.il', 407, 37, '2011-03-22 20:06:08'),
(3437, 'Penny@tau.ac.il', 442, 37, '2011-03-22 20:06:08'),
(3438, 'Penny@tau.ac.il', 440, 37, '2011-03-22 20:06:08'),
(3439, 'Penny@tau.ac.il', 458, 37, '2011-03-22 20:06:08'),
(3440, 'Penny@tau.ac.il', 422, 37, '2011-03-22 20:06:08'),
(3441, 'Penny@tau.ac.il', 399, 37, '2011-03-22 20:06:08'),
(3442, 'Penny@tau.ac.il', 432, 37, '2011-03-22 20:06:08'),
(3443, 'Amy@tau.ac.il', 399, 37, '2011-03-22 20:06:08'),
(3444, 'Amy@tau.ac.il', 423, 37, '2011-03-22 20:06:08'),
(3445, 'Amy@tau.ac.il', 428, 37, '2011-03-22 20:06:08'),
(3446, 'Amy@tau.ac.il', 417, 37, '2011-03-22 20:06:08'),
(3447, 'Amy@tau.ac.il', 466, 37, '2011-03-22 20:06:08');
INSERT INTO `itemsmentions` (`ID`, `userID`, `itemID`, `topicID`, `time`) VALUES
(3448, 'Amy@tau.ac.il', 396, 37, '2011-03-22 20:06:08'),
(3449, 'Amy@tau.ac.il', 443, 37, '2011-03-22 20:06:08'),
(3450, 'Amy@tau.ac.il', 440, 37, '2011-03-22 20:06:08'),
(3451, 'Bernadeth@tau.ac.il', 434, 37, '2011-03-22 20:06:08'),
(3452, 'Bernadeth@tau.ac.il', 398, 37, '2011-03-22 20:06:08'),
(3453, 'Bernadeth@tau.ac.il', 448, 37, '2011-03-22 20:06:08'),
(3454, 'Bernadeth@tau.ac.il', 418, 37, '2011-03-22 20:06:08'),
(3455, 'Bernadeth@tau.ac.il', 467, 37, '2011-03-22 20:06:08'),
(3456, 'Bernadeth@tau.ac.il', 417, 37, '2011-03-22 20:06:08'),
(3457, 'Bernadeth@tau.ac.il', 422, 37, '2011-03-22 20:06:08'),
(3458, 'Bernadeth@tau.ac.il', 419, 37, '2011-03-22 20:06:08'),
(3459, 'Rhaj@tau.ac.il', 421, 37, '2011-03-22 20:06:08'),
(3460, 'Rhaj@tau.ac.il', 413, 37, '2011-03-22 20:06:08'),
(3461, 'Rhaj@tau.ac.il', 439, 37, '2011-03-22 20:06:08'),
(3462, 'Rhaj@tau.ac.il', 447, 37, '2011-03-22 20:06:08'),
(3463, 'Rhaj@tau.ac.il', 415, 37, '2011-03-22 20:06:08'),
(3464, 'Rhaj@tau.ac.il', 438, 37, '2011-03-22 20:06:08'),
(3465, 'Rhaj@tau.ac.il', 468, 37, '2011-03-22 20:06:08'),
(3466, 'Rhaj@tau.ac.il', 463, 37, '2011-03-22 20:06:08'),
(3467, 'Howard@tau.ac.il', 414, 37, '2011-03-22 20:06:08'),
(3468, 'Howard@tau.ac.il', 455, 37, '2011-03-22 20:06:08'),
(3469, 'Howard@tau.ac.il', 452, 37, '2011-03-22 20:06:08'),
(3470, 'Howard@tau.ac.il', 425, 37, '2011-03-22 20:06:08'),
(3471, 'Howard@tau.ac.il', 441, 37, '2011-03-22 20:06:08'),
(3472, 'Howard@tau.ac.il', 432, 37, '2011-03-22 20:06:08'),
(3473, 'Howard@tau.ac.il', 405, 37, '2011-03-22 20:06:08'),
(3474, 'Howard@tau.ac.il', 466, 37, '2011-03-22 20:06:08'),
(3475, 'Monica@tau.ac.il', 408, 37, '2011-03-22 20:06:08'),
(3476, 'Monica@tau.ac.il', 439, 37, '2011-03-22 20:06:08'),
(3477, 'Monica@tau.ac.il', 445, 37, '2011-03-22 20:06:08'),
(3478, 'Monica@tau.ac.il', 403, 37, '2011-03-22 20:06:08'),
(3479, 'Monica@tau.ac.il', 443, 37, '2011-03-22 20:06:08'),
(3480, 'Monica@tau.ac.il', 449, 37, '2011-03-22 20:06:08'),
(3481, 'Monica@tau.ac.il', 452, 37, '2011-03-22 20:06:08'),
(3482, 'Monica@tau.ac.il', 427, 37, '2011-03-22 20:06:08'),
(3483, 'Albert@tau.ac.il', 396, 37, '2011-03-22 20:06:08'),
(3484, 'Scott@tau.ac.il', 396, 37, '2011-03-22 20:06:08'),
(3485, 'Albert@tau.ac.il', 397, 37, '2011-03-22 20:06:08'),
(3486, 'Scott@tau.ac.il', 397, 37, '2011-03-22 20:06:08'),
(3487, 'Albert@tau.ac.il', 398, 37, '2011-03-22 20:06:08'),
(3488, 'Scott@tau.ac.il', 398, 37, '2011-03-22 20:06:08'),
(3489, 'Albert@tau.ac.il', 399, 37, '2011-03-22 20:06:08'),
(3490, 'Scott@tau.ac.il', 399, 37, '2011-03-22 20:06:08');

-- --------------------------------------------------------

--
-- Stand-in structure for view `itemsmentions_v`
--
CREATE TABLE IF NOT EXISTS `itemsmentions_v` (
`ID` int(11) unsigned
,`UserId` int(11) unsigned
,`itemID` int(10) unsigned
,`TopicId` int(10) unsigned
,`time` timestamp
);
-- --------------------------------------------------------

--
-- Stand-in structure for view `multiple_answers_view`
--
CREATE TABLE IF NOT EXISTS `multiple_answers_view` (
`TopicId` int(10) unsigned
,`TopicName` varchar(200)
,`TopicText` varchar(200)
,`TopicType` smallint(1) unsigned zerofill
,`Category` varchar(70)
,`Rank` double
,`Value` varchar(100)
);
-- --------------------------------------------------------

--
-- Table structure for table `queryforms`
--

CREATE TABLE IF NOT EXISTS `queryforms` (
  `id` int(11) NOT NULL,
  `FormName` varchar(100) COLLATE latin1_bin NOT NULL,
  `FormDescription` varchar(1000) COLLATE latin1_bin DEFAULT NULL,
  `FormTitle` varchar(50) COLLATE latin1_bin DEFAULT NULL,
  `FormQuestionText` varchar(500) COLLATE latin1_bin DEFAULT NULL,
  `ParamsTableName` varchar(45) COLLATE latin1_bin DEFAULT NULL,
  `ParamsColNames` varchar(250) COLLATE latin1_bin DEFAULT NULL,
  `QueryBody` varchar(1000) COLLATE latin1_bin DEFAULT NULL,
  `TopicType` int(1) unsigned zerofill NOT NULL DEFAULT '0' COMMENT 'Possilbe values 0 - single correct 1 - multiple correct answers',
  PRIMARY KEY (`id`)
) ENGINE=MyISAM DEFAULT CHARSET=latin1 COLLATE=latin1_bin COMMENT='Keeps information that describes Question Answering forms';

--
-- Dumping data for table `queryforms`
--

INSERT INTO `queryforms` (`id`, `FormName`, `FormDescription`, `FormTitle`, `FormQuestionText`, `ParamsTableName`, `ParamsColNames`, `QueryBody`, `TopicType`) VALUES
(1, 'Celebrities', 'Names of Celebrities', 'Celebrity', 'What is {0}?', 'celebrity_topics_view', 'TopicName', 'select i.name as Name, count(im.id) Support,  sf.score as Confidence from items i, topics t, scoredfacts sf, itemsmentions im where im.itemid=i.id and sf.topicid=t.topicid and t.topicname="{0}" and i.id=sf.itemid  group by i.id order by Confidence desc LIMIT 0, 20', 0),
(2, 'Capital Cities', 'Capital Cities Around the World', 'Cleaning Results', 'What is the capital of {0}?', 'Capital_cities_view', 'TopicName', 'select i.name as Name, count(im.id) Support,  sf.score as Confidence from items i, topics t, scoredfacts sf, itemsmentions im where im.itemid=i.id and sf.topicid=t.topicid and t.topicname="{0}" and i.id=sf.itemid group by i.id order by Confidence desc LIMIT 0, 20', 0),
(3, 'All Users', 'Scores of Trivia Users', 'User Cleaning Scores', 'Click ''Query'' to See Scores of All Trivia Users', 'userscores', 'userid', 'select u.username ''User Name'', (select count(*) from itemsmentions im, topics t where im.userid=u.userid and im.topicid=t.topicid and t.Category=''Demo'') ''Facts Num'', us.belief Confidence from userscores us, users u where us.userid=u.id order by us.belief desc', 1),
(5, 'Trivia Questions', 'Query Various Trivia Topics', 'Trivia Questions', 'Names of {0}:', 'multiple_answers_view', 'TopicName', 'select i.name as Name, count(im.id) Support,  sf.score as Confidence from items i, topics t, scoredfacts sf, itemsmentions im where im.itemid=i.id and sf.topicid=t.topicid and t.topicname="{0}" and i.id=sf.itemid group by i.id order by Confidence desc LIMIT 0, 20', 1);

-- --------------------------------------------------------

--
-- Table structure for table `topics`
--

CREATE TABLE IF NOT EXISTS `topics` (
  `TopicId` int(10) unsigned NOT NULL AUTO_INCREMENT,
  `TopicName` varchar(200) COLLATE utf8_bin NOT NULL,
  `TopicText` varchar(200) COLLATE utf8_bin NOT NULL DEFAULT '-',
  `TopicType` smallint(1) unsigned zerofill NOT NULL,
  `Category` varchar(70) COLLATE utf8_bin NOT NULL DEFAULT '-',
  `Rank` double NOT NULL DEFAULT '0',
  `Value` varchar(100) COLLATE utf8_bin DEFAULT NULL,
  PRIMARY KEY (`TopicId`),
  UNIQUE KEY `id` (`TopicId`,`TopicName`),
  KEY `name` (`TopicName`)
) ENGINE=InnoDB  DEFAULT CHARSET=utf8 COLLATE=utf8_bin AUTO_INCREMENT=44 ;

--
-- Dumping data for table `topics`
--

INSERT INTO `topics` (`TopicId`, `TopicName`, `TopicText`, `TopicType`, `Category`, `Rank`, `Value`) VALUES
(1, 'Russia', 'What is the Capital of Russia?', 0, 'Demo', 0, 'Russia'),
(2, 'USA', 'What is the Capital of USA?', 0, 'Demo', 0, 'USA'),
(3, 'France', 'What is the Capital of France?', 0, 'Demo', 0, 'France'),
(4, 'Spain', 'What is the Capital of Spain?', 0, 'Demo', 0, 'Spain'),
(5, 'Germany', 'What is the Capital of Germany?', 0, 'Demo', 0, 'Germany'),
(6, 'UK', 'What is the Capital of UK?', 0, 'Demo', 0, 'UK'),
(7, 'India', 'What is the Capital of India?', 0, 'Demo', 0, 'India'),
(8, 'Israel', 'What is the Capital of Israel?', 0, 'Demo', 0, 'Israel'),
(9, 'Japan', 'What is the Capital of Japan?', 0, 'Demo', 0, 'Japan'),
(10, 'Canada', 'What is the Capital of Canada?', 0, 'Demo', 0, 'Canada'),
(11, 'Mark Twain First Name', 'What is Mark Twain First Name?', 0, 'Demo', 0, 'Mark Twain First Name'),
(12, 'Lady Gaga First Name', 'What is Lady Gaga First Name?', 0, 'Demo', 0, 'Lady Gaga First Name'),
(13, 'Madonna''s First Name', 'What is Madonna''s First Name?', 0, 'Demo', 0, 'Madonna''s First Name'),
(14, 'Sting''s First Name', 'What is Sting''s First Name?', 0, 'Demo', 0, 'Sting''s First Name'),
(15, 'Eminem''s First Name', 'What is Eminem''s First Name?', 0, 'Demo', 0, 'Eminem''s First Name'),
(16, 'George Michael Last Name', 'What is George Michael Last Name?', 0, 'Demo', 0, 'George Michael Last Name'),
(35, 'TV Series', 'Guess as many TV Series as you can', 1, 'Demo', 0, 'TV Series'),
(36, 'American Universities', 'Guess as many American Universities as you can', 1, 'Demo', 0, 'American Universities'),
(37, 'Movie Actors', 'Guess as many Movie Actors as you can', 1, 'Demo', 0, 'Movie Actors'),
(38, 'Movie Actresses', 'Guess as many Movie Actresses as you can', 1, 'Demo1', 0, 'Movie Actresses'),
(39, 'Airlines', 'Guess as many Airlines as you can', 1, 'Demo1', 0, 'Airlines'),
(40, 'Airports', 'Guess as many Airports as you can', 1, 'Demo1', 0, 'Airports'),
(41, 'Animals', 'Guess as many Animals as you can', 1, 'Demo1', 0, 'Animals'),
(42, 'Athletes', 'Guess as many Athletes as you can', 1, 'Demo1', 0, 'Athletes'),
(43, 'Astronauts', 'Guess as many Astronauts as you can', 1, 'Demo1', 0, 'Astronauts');

-- --------------------------------------------------------

--
-- Table structure for table `users`
--

CREATE TABLE IF NOT EXISTS `users` (
  `ID` int(11) unsigned NOT NULL AUTO_INCREMENT,
  `userID` varchar(50) COLLATE utf8_bin NOT NULL COMMENT 'actually user Email ',
  `Points` int(10) unsigned NOT NULL DEFAULT '0',
  `time` datetime NOT NULL,
  `dividendPoints` int(10) NOT NULL DEFAULT '0',
  `pointsSinceLastLogin` int(11) NOT NULL DEFAULT '0',
  `userName` varchar(100) COLLATE utf8_bin NOT NULL,
  `password` varchar(50) COLLATE utf8_bin DEFAULT NULL,
  PRIMARY KEY (`ID`),
  KEY `Points_4` (`Points`,`dividendPoints`)
) ENGINE=InnoDB  DEFAULT CHARSET=utf8 COLLATE=utf8_bin AUTO_INCREMENT=25 ;

--
-- Dumping data for table `users`
--

INSERT INTO `users` (`ID`, `userID`, `Points`, `time`, `dividendPoints`, `pointsSinceLastLogin`, `userName`, `password`) VALUES
(1, 'Jack@tau.ac.il', 2736, '0000-00-00 00:00:00', 0, 0, 'Jack', 'a123'),
(2, 'Roy@tau.ac.il', 2738, '0000-00-00 00:00:00', 0, 0, 'Roy', 'a123'),
(3, 'Eric@tau.ac.il', 2740, '0000-00-00 00:00:00', 0, 0, 'Eric', 'a123'),
(4, 'Daniel@tau.ac.il', 2742, '0000-00-00 00:00:00', 0, 0, 'Daniel', 'a123'),
(5, 'Mike@tau.ac.il', 2744, '0000-00-00 00:00:00', 0, 0, 'Mike', 'a123'),
(6, 'John@tau.ac.il', 2746, '0000-00-00 00:00:00', 0, 0, 'John', 'a123'),
(7, 'George@tau.ac.il', 2748, '0000-00-00 00:00:00', 0, 0, 'George', 'a123'),
(8, 'Larry@tau.ac.il', 2750, '0000-00-00 00:00:00', 0, 0, 'Larry', 'a123'),
(9, 'James@tau.ac.il', 2752, '0000-00-00 00:00:00', 0, 0, 'James', 'a123'),
(10, 'Mark@tau.ac.il', 2754, '0000-00-00 00:00:00', 0, 0, 'Mark', 'a123'),
(11, 'Isaac@tau.ac.il', 1098, '0000-00-00 00:00:00', 0, 0, 'Isaac', 'a123'),
(12, 'Sheldon@tau.ac.il', 1101, '0000-00-00 00:00:00', 0, 0, 'Sheldon', 'a123'),
(13, 'Leonard@tau.ac.il', 1104, '0000-00-00 00:00:00', 0, 0, 'Leonard', 'a123'),
(14, 'Zak@tau.ac.il', 1107, '0000-00-00 00:00:00', 0, 0, 'Zak', 'a123'),
(15, 'Penny@tau.ac.il', 1110, '0000-00-00 00:00:00', 0, 0, 'Penny', 'a123'),
(16, 'Amy@tau.ac.il', 1113, '0000-00-00 00:00:00', 0, 0, 'Amy', 'a123'),
(17, 'Bernadeth@tau.ac.il', 1116, '0000-00-00 00:00:00', 0, 0, 'Bernadeth', 'a123'),
(18, 'Rhaj@tau.ac.il', 1119, '0000-00-00 00:00:00', 0, 0, 'Rhaj', 'a123'),
(19, 'Howard@tau.ac.il', 1122, '0000-00-00 00:00:00', 0, 0, 'Howard', 'a123'),
(20, 'Monica@tau.ac.il', 1125, '0000-00-00 00:00:00', 0, 0, 'Monica', 'a123'),
(21, 'Albert@tau.ac.il', 3037, '0000-00-00 00:00:00', 0, 0, 'Albert', 'a123'),
(22, 'Kvazimodo@tau.ac.il', 987, '0000-00-00 00:00:00', 0, 0, 'Kvazimodo', 'a123'),
(23, 'Scott@tau.ac.il', 3037, '0000-00-00 00:00:00', 0, 0, 'Scott', 'a123'),
(24, 'Guest@tau.ac.il', 0, '0000-00-00 00:00:00', 0, 0, 'Guest', 'a123');

-- --------------------------------------------------------

--
-- Stand-in structure for view `users_v`
--
CREATE TABLE IF NOT EXISTS `users_v` (
`UserId` int(11) unsigned
);
-- --------------------------------------------------------

--
-- Structure for view `capital_cities_view`
--
DROP TABLE IF EXISTS `capital_cities_view`;

CREATE ALGORITHM=UNDEFINED DEFINER=`root`@`localhost` SQL SECURITY DEFINER VIEW `capital_cities_view` AS select `topics`.`TopicName` AS `TopicName` from `topics` where (`topics`.`TopicId` <= 10);

-- --------------------------------------------------------

--
-- Structure for view `celebrity_topics_view`
--
DROP TABLE IF EXISTS `celebrity_topics_view`;

CREATE ALGORITHM=UNDEFINED DEFINER=`root`@`localhost` SQL SECURITY DEFINER VIEW `celebrity_topics_view` AS select `topics`.`TopicName` AS `topicname` from `topics` where ((`topics`.`TopicId` > 10) and (`topics`.`TopicId` < 35));

-- --------------------------------------------------------

--
-- Structure for view `items_v`
--
DROP TABLE IF EXISTS `items_v`;

CREATE ALGORITHM=UNDEFINED DEFINER=`root`@`localhost` SQL SECURITY DEFINER VIEW `items_v` AS select `items`.`id` AS `ItemID`,`items`.`name` AS `ItemName`,`items`.`topicID` AS `topicID` from `items`;

-- --------------------------------------------------------

--
-- Structure for view `itemsmentions_v`
--
DROP TABLE IF EXISTS `itemsmentions_v`;

CREATE ALGORITHM=UNDEFINED DEFINER=`root`@`localhost` SQL SECURITY DEFINER VIEW `itemsmentions_v` AS select `im`.`ID` AS `ID`,`u`.`ID` AS `UserId`,`im`.`itemID` AS `itemID`,`im`.`topicID` AS `TopicId`,`im`.`time` AS `time` from (`itemsmentions` `im` join `users` `u`) where (`im`.`userID` = `u`.`userID`);

-- --------------------------------------------------------

--
-- Structure for view `multiple_answers_view`
--
DROP TABLE IF EXISTS `multiple_answers_view`;

CREATE ALGORITHM=UNDEFINED DEFINER=`root`@`localhost` SQL SECURITY DEFINER VIEW `multiple_answers_view` AS select `topics`.`TopicId` AS `TopicId`,`topics`.`TopicName` AS `TopicName`,`topics`.`TopicText` AS `TopicText`,`topics`.`TopicType` AS `TopicType`,`topics`.`Category` AS `Category`,`topics`.`Rank` AS `Rank`,`topics`.`Value` AS `Value` from `topics` where ((`topics`.`TopicId` > 34) and (`topics`.`Category` = 'Demo'));

-- --------------------------------------------------------

--
-- Structure for view `users_v`
--
DROP TABLE IF EXISTS `users_v`;

CREATE ALGORITHM=UNDEFINED DEFINER=`root`@`localhost` SQL SECURITY DEFINER VIEW `users_v` AS select `users`.`ID` AS `UserId` from `users`;
