-- phpMyAdmin SQL Dump
-- version 3.2.0.1
-- http://www.phpmyadmin.net
--
-- Host: localhost
-- Generation Time: Mar 12, 2011 at 10:56 PM
-- Server version: 5.1.36
-- PHP Version: 5.3.0

SET SQL_MODE="NO_AUTO_VALUE_ON_ZERO";


/*!40101 SET @OLD_CHARACTER_SET_CLIENT=@@CHARACTER_SET_CLIENT */;
/*!40101 SET @OLD_CHARACTER_SET_RESULTS=@@CHARACTER_SET_RESULTS */;
/*!40101 SET @OLD_COLLATION_CONNECTION=@@COLLATION_CONNECTION */;
/*!40101 SET NAMES utf8 */;

--
-- Database: `demo`
--
CREATE DATABASE `demo` DEFAULT CHARACTER SET latin1 COLLATE latin1_swedish_ci;
USE `demo`;

-- --------------------------------------------------------

--
-- Stand-in structure for view `capital_cities_view`
--
CREATE TABLE IF NOT EXISTS `capital_cities_view` (
`TopicName` varchar(200)
);
-- --------------------------------------------------------

--
-- Stand-in structure for view `celebrity_topics_view`
--
CREATE TABLE IF NOT EXISTS `celebrity_topics_view` (
`topicname` varchar(200)
);
-- --------------------------------------------------------

--
-- Table structure for table `correctfacts`
--

CREATE TABLE IF NOT EXISTS `correctfacts` (
  `ItemID` int(10) unsigned NOT NULL DEFAULT '0',
  `ItemName` varchar(500) CHARACTER SET utf8 COLLATE utf8_bin NOT NULL,
  `topicID` int(11) NOT NULL
) ENGINE=MyISAM DEFAULT CHARSET=latin1;

--
-- Dumping data for table `correctfacts`
--


-- --------------------------------------------------------

--
-- Table structure for table `globalvariables`
--

CREATE TABLE IF NOT EXISTS `globalvariables` (
  `key` varchar(50) COLLATE utf8_bin NOT NULL,
  `value` varchar(50) COLLATE utf8_bin NOT NULL
) ENGINE=InnoDB DEFAULT CHARSET=utf8 COLLATE=utf8_bin;

--
-- Dumping data for table `globalvariables`
--

INSERT INTO `globalvariables` (`key`, `value`) VALUES
('currentCategoryID', '11');

-- --------------------------------------------------------

--
-- Table structure for table `items`
--

CREATE TABLE IF NOT EXISTS `items` (
  `id` int(10) unsigned NOT NULL AUTO_INCREMENT,
  `name` varchar(500) COLLATE utf8_bin NOT NULL,
  `topicID` int(11) NOT NULL,
  PRIMARY KEY (`id`),
  KEY `topicID` (`topicID`),
  KEY `name` (`name`(255))
) ENGINE=InnoDB  DEFAULT CHARSET=utf8 COLLATE=utf8_bin AUTO_INCREMENT=1047 ;

--
-- Dumping data for table `items`
--

INSERT INTO `items` (`id`, `name`, `topicID`) VALUES
(1, 'moscow', 1),
(2, 'st petersburg', 1),
(3, 'novgorod', 1),
(4, 'kiev', 1),
(5, 'tashkent', 1),
(6, 'baku', 1),
(7, 'erevan', 1),
(8, 'riga', 1),
(9, 'tbilisi', 1),
(10, 'washington', 2),
(11, 'new york', 2),
(12, 'seattle', 2),
(13, 'atlanta', 2),
(14, 'san francisco', 2),
(15, 'san diego', 2),
(16, 'chicago', 2),
(17, 'huston', 2),
(18, 'philadelphia', 2),
(19, 'paris', 3),
(20, 'berlin', 3),
(21, 'amsterdam', 3),
(22, 'lyon', 3),
(23, 'nice', 3),
(24, 'marselle', 3),
(25, 'rome', 3),
(26, 'neaples', 3),
(27, 'madrid', 3),
(28, 'madrid', 4),
(29, 'barselona', 4),
(30, 'malaga', 4),
(31, 'granada', 4),
(32, 'seville', 4),
(33, 'paris', 4),
(34, 'nice', 4),
(35, 'neaples', 4),
(36, 'berlin', 4),
(37, 'berlin', 5),
(38, 'frankfurt', 5),
(39, 'hanover', 5),
(40, 'dusseldorf', 5),
(41, 'dortmund', 5),
(42, 'leibzig', 5),
(43, 'bremen', 5),
(44, 'rome', 5),
(45, 'vena', 5),
(46, 'london', 6),
(47, 'oxford', 6),
(48, 'manchester', 6),
(49, 'liverpool', 6),
(50, 'edinborough', 6),
(51, 'glasgow', 6),
(52, 'falkirk', 6),
(53, 'chester', 6),
(54, 'nice', 6),
(55, 'deli', 7),
(56, 'bombey', 7),
(57, 'pune', 7),
(58, 'mumbai', 7),
(59, 'calcutta', 7),
(60, 'chennai', 7),
(61, 'bangalore', 7),
(62, 'kanpur', 7),
(63, 'agra', 7),
(64, 'jerusalem', 8),
(65, 'maalot', 8),
(66, 'carmiel', 8),
(67, 'tel aviv', 8),
(68, 'beer sheva', 8),
(69, 'ramat gan', 8),
(70, 'holon', 8),
(71, 'haifa', 8),
(72, 'ashdod', 8),
(73, 'tokyo', 9),
(74, 'yokohama', 9),
(75, 'osaka', 9),
(76, 'nagoya', 9),
(77, 'kyoto', 9),
(78, 'bejin', 9),
(79, 'seul', 9),
(80, 'kawasaki', 9),
(81, 'nagasaki', 9),
(82, 'ottawa', 10),
(83, 'quebec', 10),
(84, 'vancouver', 10),
(85, 'toronto', 10),
(86, 'victoria', 10),
(87, 'montreal', 10),
(88, 'seattle', 10),
(89, 'winnipeg', 10),
(90, 'calgary', 10),
(91, 'samuel', 11),
(92, 'mark', 11),
(93, 'isaac', 11),
(94, 'mike', 11),
(95, 'molly', 11),
(96, 'benjamin', 11),
(97, 'stefani', 12),
(98, 'gaga', 12),
(99, 'lala', 12),
(100, 'tutu', 12),
(101, 'mumu', 12),
(102, 'angelina', 12),
(103, 'jenifer', 12),
(104, 'john', 12),
(105, 'madonna', 13),
(106, 'veronica', 13),
(107, 'stefani', 13),
(108, 'angelina', 13),
(109, 'julia', 13),
(110, 'lisa', 13),
(111, 'patty', 13),
(112, 'gordon', 14),
(113, 'john', 14),
(114, 'james', 14),
(115, 'larry', 14),
(116, 'george', 14),
(117, 'leonard', 14),
(118, 'brycon', 14),
(119, 'mike', 14),
(120, 'sheldon', 14),
(121, 'marshall', 15),
(122, 'bruce', 15),
(123, 'jack', 15),
(124, 'roy', 15),
(125, 'vincent', 15),
(126, 'eric', 15),
(127, 'daniel', 15),
(128, 'panayiotou', 16),
(129, 'michael', 16),
(130, 'george', 16),
(131, 'rabinovich', 16),
(132, 'fritz', 16),
(133, 'lee', 16),
(134, 'friends', 35),
(135, 'seinfeld', 35),
(136, 'how i met your mother', 35),
(137, 'grey\\''s anatomy', 35),
(138, 'srugim', 35),
(139, 'frasier', 35),
(140, 'in treatment', 35),
(141, 'sex and the city', 35),
(142, 'everybody loves raymond', 35),
(143, 'raimond', 35),
(144, 'csi', 35),
(145, 'lost', 35),
(146, 'murder she wrote', 35),
(147, 'star trek', 35),
(148, 'star trek tos', 35),
(149, 'star trek tng', 35),
(150, 'star trek the next generation', 35),
(151, 'star trek the original series', 35),
(152, 'star trek enterprise', 35),
(153, 'babylon 5', 35),
(154, 'babylon five', 35),
(155, 'the practice', 35),
(156, 'boston public', 35),
(157, 'boston legal', 35),
(158, 'sarah silverman', 35),
(159, 'la law', 35),
(160, 'hill street blues', 35),
(161, 'law and order', 35),
(162, '24', 35),
(163, 'csi miami', 35),
(164, 'house', 35),
(165, 'csi new york', 35),
(166, 'dexter', 35),
(167, 'coupling', 35),
(168, 'star trek voyager', 35),
(169, 'deep space nine', 35),
(170, 'jag', 35),
(171, 'the famous five', 35),
(172, 'famous five', 35),
(173, 'prison break', 35),
(174, 'grey''s anatomy', 35),
(175, 'gossip girl', 35),
(176, 'er', 35),
(177, 'desperate housewives', 35),
(178, 'hawaii five o', 35),
(179, 'hawaii 50', 35),
(180, 'mission impossible', 35),
(181, 'the simpsons', 35),
(182, 'simpsons', 35),
(183, 'battlestar galactica', 35),
(184, 'dynasty', 35),
(185, 'love and marriage', 35),
(186, 'love and married', 35),
(187, 'five feet under', 35),
(188, 'relationship', 35),
(189, 'singles', 35),
(190, '30 something', 35),
(191, 'thirtysomething', 35),
(192, 'alf', 35),
(193, 'bonanza', 35),
(194, 'close close', 35),
(195, 'krovim krovim', 35),
(196, 'x men', 35),
(197, 'a teem', 35),
(198, 'curb your enthusiasm', 35),
(199, 'superman', 35),
(200, 'smallville', 35),
(201, 'baffy', 35),
(202, '3rd watch', 35),
(203, 'cheers', 35),
(204, 'six feet under', 35),
(205, 'sugar rush', 35),
(206, '6 feet under', 35),
(207, 'the sopranos', 35),
(208, 'sopranos', 35),
(209, 'heroes', 35),
(210, 'bones', 35),
(211, 'private practice', 35),
(212, 'terminator', 35),
(213, 'lie to me', 35),
(214, 'doctor house', 35),
(215, 'leverage', 35),
(216, 'a-team', 35),
(217, 'twenty four', 35),
(218, 'the love boat', 35),
(219, 'csi ny', 35),
(220, 'that 70''s show', 35),
(221, 'news radio', 35),
(222, 'king of queens', 35),
(223, 'the office', 35),
(224, 'growing pains', 35),
(225, 'ally mcbeal', 35),
(226, 'married with children', 35),
(227, 'cosby show', 35),
(228, 'dharma and greg', 35),
(229, 'beverly hills', 35),
(230, '90210', 35),
(231, 'west wing', 35),
(232, 'melrose place', 35),
(233, 'the west wing', 35),
(234, 'xena', 35),
(235, '100 winners', 35),
(236, '60 minutes', 35),
(237, '6teen', 35),
(238, 'e.r.', 35),
(239, 'e r', 35),
(240, '704 hauser', 35),
(241, 'chicago hope', 35),
(242, '8 simple rules', 35),
(243, 'wild on!', 35),
(244, 'wife swap', 35),
(245, 'whistler', 35),
(246, 'while you were out', 35),
(247, 'wheel of fortune 2000', 35),
(248, 'wheel of fortune', 35),
(249, 'practice', 35),
(250, 'what i like about you', 35),
(251, 'weeds', 35),
(252, 'west 57th', 35),
(253, 'parpar nehmad', 35),
(254, 'west point story', 35),
(255, 'waltons', 35),
(256, 'becker', 35),
(257, 'coyote', 35),
(258, 'king of the hill', 35),
(259, 'futurama', 35),
(260, 'action', 35),
(261, 'acme hour', 35),
(262, 'frazier', 35),
(263, 'after dark', 35),
(264, 'adventures of superman', 35),
(265, 'family guy', 35),
(266, 'bagpuss', 35),
(267, 'babes', 35),
(268, 'babestation', 35),
(269, 'american dad', 35),
(270, 'batman', 35),
(271, 'battery park', 35),
(272, 'baywatch', 35),
(273, 'baywatch nights', 35),
(274, 'beat the clock', 35),
(275, 'beastmaster', 35),
(276, 'survivor', 35),
(277, 'beat the chef', 35),
(278, 'being ian', 35),
(279, 'transformers', 35),
(280, 'x-men', 35),
(281, 'spider-man', 35),
(282, 'the cosby show', 35),
(283, 'two and a half men', 35),
(284, 'freisure', 35),
(285, 'rozanne', 35),
(286, 'zehu ze', 35),
(287, 'kishkashta', 35),
(288, 'lucky luke', 35),
(289, 'gilmore girls', 35),
(290, 'family man', 35),
(291, 'buffy the vampire slayer', 35),
(292, 'angel', 35),
(293, 'buffy', 35),
(294, 'comedy club', 35),
(295, 'captain planet', 35),
(296, 'american idol', 35),
(297, 'power rangers', 35),
(298, 'teenage mutant ninja turtles', 35),
(299, 'flintstones', 35),
(300, 'animaniacs', 35),
(301, 'ducktales', 35),
(302, 'winnie the pooh', 35),
(303, 'meet john doe', 35),
(304, 'white house', 35),
(305, 'brown', 36),
(306, 'berkeley', 36),
(307, 'stanford', 36),
(308, 'yale', 36),
(309, 'mit', 36),
(310, 'nyu', 36),
(311, 'princeton', 36),
(312, 'northwestern', 36),
(313, 'ucsc', 36),
(314, 'ucsd', 36),
(315, 'harvard', 36),
(316, 'tufts', 36),
(317, 'ucla', 36),
(318, 'columbia', 36),
(319, 'northeastern', 36),
(320, 'kellogg', 36),
(321, 'texas a&m', 36),
(322, 'colombia', 36),
(323, 'cornell', 36),
(324, 'florida university', 36),
(325, 'uc davis', 36),
(326, 'ucsb', 36),
(327, 'uiuc', 36),
(328, 'yeshiva university', 36),
(329, 'dortmund', 36),
(330, 'new york', 36),
(331, 'cmu', 36),
(332, 'chicago', 36),
(333, 'abilene christian university', 36),
(334, 'adrian college', 36),
(335, 'air force institute of technology', 36),
(336, ' 	university of california', 36),
(337, ' 	massachusetts institute of technology', 36),
(338, ' 	california institute of technology', 36),
(339, ' 	university of texas', 36),
(340, ' 	stanford university', 36),
(341, ' 	university of wisconsin', 36),
(342, ' 	university of michigan', 36),
(343, ' 	johns hopkins university', 36),
(344, ' 	columbia university', 36),
(345, 'yeil', 36),
(346, 'wustl', 36),
(347, 'oxford', 36),
(348, 'cambridge', 36),
(349, 'yell', 36),
(350, 'gabi ashkenazi', 36),
(351, 'caltech', 36),
(352, 'haim bar-lev', 36),
(353, 'rafael eitan', 36),
(354, 'yaakov dori', 36),
(355, 'haim laskov', 36),
(356, 'dan shomron', 36),
(357, 'shaul mofaz', 36),
(358, 'yigael yadin', 36),
(359, 'moshe ya''alon', 36),
(360, 'emory', 36),
(361, 'university of pennsylvania', 36),
(362, 'duke', 36),
(363, 'massachusetts institute of technology', 36),
(364, 'california institute of technology', 36),
(365, 'duke university', 36),
(366, 'e', 36),
(367, 'washington university', 36),
(368, 'ethiopia', 36),
(369, 'boston', 36),
(370, 'umd', 36),
(371, 'champain melon', 36),
(372, 'uci', 36),
(373, 'georgia tech', 36),
(374, 'north carolina', 36),
(375, 'penn', 36),
(376, 'penn state', 36),
(377, 'njit', 36),
(378, 'michigan', 36),
(379, 'california', 36),
(380, 'ohio state', 36),
(381, 'usc', 36),
(382, 'florida state', 36),
(383, 'worton', 36),
(384, 'wharton', 36),
(385, 'upenn', 36),
(386, 'georgetown', 36),
(387, 'boston college', 36),
(388, 'babson college', 36),
(389, 'darby', 36),
(390, 'derby', 36),
(391, 'uc berkeley', 36),
(392, 'new york state', 36),
(393, 'north carolina state', 36),
(394, 'uconn', 36),
(395, 'tom cruise', 37),
(396, 'paul newman', 37),
(397, 'tom hanks', 37),
(398, 'arnold schwarzenegger', 37),
(399, 'tom cruz', 37),
(400, 'sylvester stallone', 37),
(401, 'henry fonda', 37),
(402, 'jean fonda', 37),
(403, 'richard pryor', 37),
(404, 'john belushi', 37),
(405, 'johnny depp', 37),
(406, 'robin williams', 37),
(407, 'jim carrey', 37),
(408, 'will smith', 37),
(409, 'brad pitt', 37),
(410, 'denzel washington', 37),
(411, 'matt damon', 37),
(412, 'george clooney', 37),
(413, 'pirce prosnen', 37),
(414, 'shawn penn', 37),
(415, 'bruce willis', 37),
(416, 'angilina jouly', 37),
(417, 'woody allen', 37),
(418, 'charlie chaplin', 37),
(419, 'arnold shvarneger', 37),
(420, 'robert de niro', 37),
(421, 'jack nicholson', 37),
(422, 'jeff bridges', 37),
(423, 'eddie murphy', 37),
(424, 'steve martin', 37),
(425, 'james belushi', 37),
(426, 'james dean', 37),
(427, 'john malcovitz', 37),
(428, 'arnold schwartzeneger', 37),
(429, 'ben stiller', 37),
(430, 'ben kingsley', 37),
(431, 'james stewart', 37),
(432, 'clint eastwood', 37),
(433, 'john malkovich', 37),
(434, 'elvis presley', 37),
(435, 'elvis', 37),
(436, 'leonardo dicaprio', 37),
(437, 'danny devito', 37),
(438, 'harrison ford', 37),
(439, 'kevin spacey', 37),
(440, 'ice t', 37),
(441, 'ice cube', 37),
(442, 'steve carell', 37),
(443, 'antonio banderas', 37),
(444, 'adam sandler', 37),
(445, 'george cloni', 37),
(446, 'sean connery', 37),
(447, 'charlton heston', 37),
(448, 'mark hamill', 37),
(449, 'keanu reeves', 37),
(450, 'charles bronson', 37),
(451, 'chuck norris', 37),
(452, 'michael dudikoff', 37),
(453, 'johnny damon', 37),
(454, 'jackie chan', 37),
(455, 'al pacino', 37),
(456, 'robert redford', 37),
(457, 'harry sinise', 37),
(458, 'marlon brando', 37),
(459, 'nicolas cage', 37),
(460, 'mel gibson', 37),
(461, 'dustin hoffman', 37),
(462, 'donald sutherland', 37),
(463, 'lee majors', 37),
(464, 'elizabeth taylor', 37),
(465, 'charlie sean', 37),
(466, 'michael jackson', 37),
(467, 'humphrey bogart', 37),
(468, 'robert mitchum ', 37),
(469, 'yul brynner', 37),
(470, 'richard burton ', 37),
(471, 'james earl jones', 37),
(472, 'wesley snipes', 37),
(473, 'jeremy irons', 37),
(474, 'grace kelly', 37),
(475, 'sandra bullock', 37),
(476, 'nicole kidman', 38),
(477, 'madonna', 38),
(478, 'marilyn monroe', 38),
(479, 'angelina jolie', 38),
(480, 'meryl streep', 38),
(481, 'jennifer aniston', 38),
(482, 'meril strip', 38),
(483, ' gila almagor', 38),
(484, 'kate winslet', 38),
(485, 'julia roberts', 38),
(486, 'cher', 38),
(487, 'evita', 38),
(488, 'joan crawford', 38),
(489, 'gilda radner', 38),
(490, 'gila almagor', 38),
(491, 'pamela anderson', 38),
(492, 'jane fonda', 38),
(493, 'farrah fawcett', 38),
(494, 'mia pharo', 38),
(495, 'halle berry', 38),
(496, 'juliette binoche', 38),
(497, 'elizabeth taylor', 38),
(498, 'daryl hannah', 38),
(499, 'cate blanchett', 38),
(500, 'cameron diaz', 38),
(501, 'catherine zeta jones', 38),
(502, 'kate hudson', 38),
(503, 'gwyneth paltrow', 38),
(504, 'helen hunt', 38),
(505, 'goldie hawn', 38),
(506, 'ris witherspoon', 38),
(507, 'jodie foster', 38),
(508, 'michelle pfeiffer', 38),
(509, 'jamie lee curtis', 38),
(510, 'jenna jameson', 38),
(511, 'jennifer lopez', 38),
(512, 'tera patrick', 38),
(513, 'jennifer love huiet', 38),
(514, 'barbra streisand', 38),
(515, 'ayelet zorer', 38),
(516, 'ix', 38),
(517, 'natalie portman', 38),
(518, 'sandra bullock', 38),
(519, 'sharon stone', 38),
(520, 'sylvia saint', 38),
(521, 'marline monroe', 38),
(522, 'anna nicole smith', 38),
(523, 'jennifer garner', 38),
(524, 'kendis bergen', 38),
(525, 'brigitte bardot', 38),
(526, 'gina lulubirgida', 38),
(527, 'helen mirren', 38),
(528, 'jennifer conley', 38),
(529, 'demi moore', 38),
(530, 'drew barrymore', 38),
(531, 'marisa tomei', 38),
(532, 'meg ryan', 38),
(533, 'melanie griffith', 38),
(534, 'reese witherspoon', 38),
(535, 'lucy liu', 38),
(536, 'brittany murphy', 38),
(537, 'beyonce', 38),
(538, 'j lo', 38),
(539, 'marisa tomay', 38),
(540, 'carmen electra', 38),
(541, 'milla jovovich ', 38),
(542, ' sigourney weaver ', 38),
(543, ' jodie foster ', 38),
(544, 'alicia silverstone', 38),
(545, 'calista flockhart', 38),
(546, 'courteney cox', 38),
(547, 'sarah michelle gellar', 38),
(548, 'merril strip', 38),
(549, 'merrill strip', 38),
(550, 'julie andrews', 38),
(551, 'lauren bacall ', 38),
(552, 'ingrid bergman ', 38),
(553, 'bette davis', 38),
(554, 'doris day', 38),
(555, 'bette midler', 38),
(556, 'elal', 39),
(557, 'lufthansa', 39),
(558, 'el al', 39),
(559, 'pan am', 39),
(560, 'twa', 39),
(561, 'british airways', 39),
(562, 'american airlines', 39),
(563, 'air france', 39),
(564, 'swiss', 39),
(565, 'swissair', 39),
(566, 'bangkok airways', 39),
(567, 'sabena', 39),
(568, 'air canada', 39),
(569, 'arkia', 39),
(570, 'israair', 39),
(571, 'swiss airlines', 39),
(572, 'alitalia', 39),
(573, 'continental', 39),
(574, 'united airlines', 39),
(575, 'tower air', 39),
(576, 'american eagle', 39),
(577, 'cathay pacific', 39),
(578, 'turkish airlines', 39),
(579, 'klm', 39),
(580, 'united', 39),
(581, 'american', 39),
(582, 'aer lingus', 39),
(583, 'aeroflot', 39),
(584, 'turkish', 39),
(585, 'singapore airlines', 39),
(586, 'thai air', 39),
(587, 'delta', 39),
(588, 'ethiopian', 39),
(589, 'korean air', 39),
(590, 'singapore', 39),
(591, 'thai airlines', 39),
(592, 'sundor', 39),
(593, 'british airlines', 39),
(594, 'czech airline', 39),
(595, 'jet airways', 39),
(596, 'tower', 39),
(597, 'air india ', 39),
(598, 'aloha airlines', 39),
(599, 'air jordanian', 39),
(600, 'sas', 39),
(601, 'jetblue', 39),
(602, 'easyjet', 39),
(603, 'ryanair', 39),
(604, 'lot', 39),
(605, 'varig', 39),
(606, 'tam', 39),
(607, 'iberia', 39),
(608, 'hayley cropper ', 39),
(609, 'continental airlines', 39),
(610, 'southwest airlines', 39),
(611, 'neos', 39),
(612, 'british', 39),
(613, 'air italy', 39),
(614, 'bmi', 39),
(615, 'southwestern', 39),
(616, 'korean airline', 39),
(617, 'israir', 39),
(618, 'delta airlines', 39),
(619, 'sandor', 39),
(620, 'emirates airline', 39),
(621, 'all nippon airways', 39),
(622, 'new zealand airlines', 39),
(623, 'jordan airlines', 39),
(624, 'a', 39),
(625, 'ansett', 39),
(626, 'air new zealand', 39),
(627, 'qantas', 39),
(628, 'katai', 39),
(629, 'czech airlines', 39),
(630, 'swiss air', 39),
(631, 'suvarnabhumi', 40),
(632, 'jfk', 40),
(633, 'newark', 40),
(634, 'laguardia', 40),
(635, 'ben-gurion', 40),
(636, 'lax', 40),
(637, 'heathrow', 40),
(638, 'orly', 40),
(639, 'charles de-gaulle', 40),
(640, 'pearson', 40),
(641, 'ronald reagan', 40),
(642, 'stockhausen', 40),
(643, 'stockhausen', 40),
(644, 'geneve', 40),
(645, 'frankfurt', 40),
(646, 'de gole', 40),
(647, 'schiphol', 40),
(648, 'verona', 40),
(649, 'rome', 40),
(650, 'india', 40),
(651, 'o''hare', 40),
(652, 'kennedy', 40),
(653, 'ben gurion', 40),
(654, 'los angeles', 40),
(655, 'tlv', 40),
(656, 'san jose international', 40),
(657, 'hongqiao', 40),
(658, 'san francisco international', 40),
(659, 'orlie', 40),
(660, 'charles de gaulle', 40),
(661, 'ovda', 40),
(662, 'john f kennedy', 40),
(663, 'eilat', 40),
(664, 'stansted', 40),
(665, 'ataturk airport', 40),
(666, 'dulles', 40),
(667, 'oakland', 40),
(668, 'candy bars', 40),
(669, 'gatwick', 40),
(670, 'natbag', 40),
(671, 'luton', 40),
(672, '	anaa airport', 40),
(673, 'arapoti ', 40),
(674, 'mala mala', 40),
(675, 'rebbetzin', 40),
(676, 'sde dov', 40),
(677, 'birmingham', 40),
(678, 'haifa', 40),
(679, 'dothan', 40),
(680, 'mobile', 40),
(681, 'machanaim', 40),
(682, 'montgomery', 40),
(683, 'dillingham', 40),
(684, 'yuma', 40),
(685, 'phoenix', 40),
(686, 'flagstaff pulliam airport', 40),
(687, 'los angeles international airport', 40),
(688, 'arcata airport', 40),
(689, 'bob hope airport', 40),
(690, 'toronto pearson', 40),
(691, 'ohare', 40),
(692, 'adr', 40),
(693, 'fiumicino', 40),
(694, 'iad dulles', 40),
(695, 'charles de gole', 40),
(696, 'sfx', 40),
(697, 'la guardia', 40),
(698, 'sharel des gaul', 40),
(699, 'tokyo international airport', 40),
(700, 'beijing capital international airport', 40),
(701, 'hartsfield-jackson atlanta international airport', 40),
(702, 'tel aviv', 40),
(703, 'leonardo de vinchi', 40),
(704, 'milan', 40),
(705, 'avdat', 40),
(706, 'sharl de gole', 40),
(707, 'mco', 40),
(708, 'berlin', 40),
(709, 'domodedovo', 40),
(710, 'hethrow', 40),
(711, 'cdg', 40),
(712, 'elephant', 41),
(713, 'giraffe', 41),
(714, 'horse', 41),
(715, 'cat', 41),
(716, 'dog', 41),
(717, 'mouse', 41),
(718, 'rabbit', 41),
(719, 'snake', 41),
(720, 'fish', 41),
(721, 'cow', 41),
(722, 'sheep', 41),
(723, 'donkey', 41),
(724, 'snail', 41),
(725, 'bird', 41),
(726, 'shark', 41),
(727, 'lion', 41),
(728, 'leopard', 41),
(729, 'chinchilla', 41),
(730, 'frog', 41),
(731, 'toad', 41),
(732, 'tiger', 41),
(733, 'camel', 41),
(734, 'lizard', 41),
(735, 'rat', 41),
(736, 'guinea pig', 41),
(737, 'pig', 41),
(738, 'bat', 41),
(739, 'penguin', 41),
(740, 'ostrich', 41),
(741, 'kangaroo', 41),
(742, 'deer', 41),
(743, 'kuala', 41),
(744, 'lamb', 41),
(745, 'bear', 41),
(746, 'fly', 41),
(747, 'fruit fly', 41),
(748, 'mosquito', 41),
(749, 'squirrel', 41),
(750, 'whale', 41),
(751, 'dolphin', 41),
(752, 'tuna', 41),
(753, 'bass', 41),
(754, 'eel', 41),
(755, 'butterfly', 41),
(756, 'bee', 41),
(757, 'wasp', 41),
(758, 'shrimp', 41),
(759, 'octopus', 41),
(760, 'squid', 41),
(761, 'wolf', 41),
(762, 'cockroach', 41),
(763, 'rooster', 41),
(764, 'salmon', 41),
(765, 'mammal', 41),
(766, 'monkey', 41),
(767, 'fox', 41),
(768, 'mammoth', 41),
(769, 'zebra', 41),
(770, 'crocodile', 41),
(771, 'duck', 41),
(772, 'chimpanzee', 41),
(773, 'orang utang', 41),
(774, 'oyster', 41),
(775, 'turtle', 41),
(776, 'bolivia', 41),
(777, 'uruguay', 41),
(778, 'scorpion', 41),
(779, 'spider', 41),
(780, 'swallow', 41),
(781, 'crow', 41),
(782, 'flea', 41),
(783, 'hummingbird', 41),
(784, 'cobra', 41),
(785, 'dingo', 41),
(786, 'birds', 41),
(787, 'parakeet', 41),
(788, 'ant', 41),
(789, 'alligator', 41),
(790, 'raven', 41),
(791, 'stork', 41),
(792, 'piranha', 41),
(793, 'turkey', 41),
(794, 'chicken', 41),
(795, 'addax', 41),
(796, 'antelope', 41),
(797, 'armadillo', 41),
(798, 'basilisk', 41),
(799, 'bighorn', 41),
(800, 'buffalo', 41),
(801, 'chameleon', 41),
(802, 'dormouse', 41),
(803, 'coyote', 41),
(804, 'colt', 41),
(805, 'eland', 41),
(806, 'ewe', 41),
(807, 'goat', 41),
(808, 'gnu', 41),
(809, 'moskito', 41),
(810, 'ermine', 41),
(811, 'gazelle', 41),
(812, 'finch', 41),
(813, 'eagle', 41),
(814, 'vulture', 41),
(815, 'hyrax', 41),
(816, 'dassie', 41),
(817, 'jaguar', 41),
(818, 'cheetah', 41),
(819, 'pelican', 41),
(820, 'alpaca', 41),
(821, 'armadil', 41),
(822, 'aoudad', 41),
(823, 'ass', 41),
(824, 'bison', 41),
(825, 'bull', 41),
(826, 'canary', 41),
(827, 'chamois', 41),
(828, 'chipmunk', 41),
(829, 'cony', 41),
(830, 'doe', 41),
(831, 'dromedary', 41),
(832, 'fawn', 41),
(833, 'gopher', 41),
(834, 'guanaco', 41),
(835, 'hartebeest', 41),
(836, 'koala', 41),
(837, 'impala', 41),
(838, 'lovebird', 41),
(839, 'mongoose', 41),
(840, 'lynx', 41),
(841, 'gorilla', 41),
(842, 'dler on the roof', 41),
(843, 'crab', 41),
(844, 'hippo', 41),
(845, 'hippopotamus', 41),
(846, 'snale', 41),
(847, 'marsupial wolf', 41),
(848, 'jackel', 41),
(849, 'hayina', 41),
(850, 'haena', 41),
(851, 'python', 41),
(852, 'sponge', 41),
(853, 'bambi', 41),
(854, 'dear', 41),
(855, 'beetle', 41),
(856, 'tortoise', 41),
(857, 'beaver', 41),
(858, 'badger', 41),
(859, 'cattle', 41),
(860, 'dove', 41),
(861, 'elephant seal', 41),
(862, 'ferret', 41),
(863, 'goldfish', 41),
(864, 'termite', 41),
(865, 'baboon', 41),
(866, 'dinosaur', 41),
(867, 'tucan', 41),
(868, 'dodo', 41),
(869, 'puma', 41),
(870, 'hyena', 41),
(871, 'nutria', 41),
(872, 'groundhog', 41),
(873, 'shrew', 41),
(874, 'aardvark', 41),
(875, 'panda', 41),
(876, 'piglet', 41),
(877, 'snake monkey', 41),
(878, 'spider monkey', 41),
(879, 'possum', 41),
(880, 'mole', 41),
(881, 'surikata', 41),
(882, 'orangutan', 41),
(883, 'meercat', 41),
(884, 'osprey', 41),
(885, 'polecat', 41),
(886, 'skunk', 41),
(887, 'bunny', 41),
(888, 'giant panda', 41),
(889, 'african elephants', 41),
(890, 'antelopes', 41),
(891, 'ape', 41),
(892, 'catfish', 41),
(893, 'bobcats', 41),
(894, 'california condors', 41),
(895, 'condor', 41),
(896, 'california condor', 41),
(897, 'chimpanzees', 41),
(898, 'slug', 41),
(899, 'hedgehog', 41),
(900, 'salamander', 41),
(901, 'goose', 41),
(902, 'mallard', 41),
(903, 'crane', 41),
(904, 'quail', 41),
(905, 'lechwe', 41),
(906, 'llama', 41),
(907, 'hare', 41),
(908, 'conure', 41),
(909, 'cottonmouth', 41),
(910, 'rattlesnake', 41),
(911, 'black mamba', 41),
(912, 'sidewinder', 41),
(913, 'copperhead', 41),
(914, 'fire ant', 41),
(915, 'cicely', 41),
(916, 'panda bear', 41),
(917, 'zebra fish', 41),
(918, 'cod fish', 41),
(919, 'killer whale', 41),
(920, 'iguana', 41),
(921, 'anaconda', 41),
(922, 'pike', 41),
(923, 'trout', 41),
(924, 'lamma', 41),
(925, 'tyrannosaurus rex', 41),
(926, 'guinipig', 41),
(927, 'platypus', 41),
(928, 'caterpillar', 41),
(929, 'duck billed platypus', 41),
(930, 'pikok', 41),
(931, 'worm', 41),
(932, 'praying mantis', 41),
(933, 'moth', 41),
(934, 'swans', 41),
(935, 'bluej', 41),
(936, 'tigris', 41),
(937, 'raccoon', 41),
(938, 'black bear', 41),
(939, 'grizzly bear', 41),
(940, 'rhinoceros', 41),
(941, 'maria kirilenko', 41),
(942, 'hog', 41),
(943, 'hamster', 41),
(944, 'wombat', 41),
(945, 'seal', 41),
(946, 'sea cow', 41),
(947, 'sebastian coe', 42),
(948, 'usain bolt', 42),
(949, 'steve ovett', 42),
(950, 'carl lewis', 42),
(951, 'tyson gay', 42),
(952, 'bob beamon', 42),
(953, 'mike powell', 42),
(954, 'ben jonson', 42),
(955, 'osain bullet', 42),
(956, 'bolt', 42),
(957, 'shahamorov', 42),
(958, 'tiger woods', 42),
(959, 'ossein bolt', 42),
(960, 'esther shachamorov', 42),
(961, 'esapa powell', 42),
(962, 'eusien bult', 42),
(963, 'morice green', 42),
(964, 'jesse owens', 42),
(965, 'sergei bubka', 42),
(966, 'carl luis', 42),
(967, 'nadia komanechy', 42),
(968, 'michael jordan', 42),
(969, 'michael johnson ', 42),
(970, 'lance armstrong', 42),
(971, 'jo flo', 42),
(972, 'merlene ottey', 42),
(973, 'bubka', 42),
(974, 'ester rot shahamorov', 42),
(975, 'said awita', 42),
(976, 'flo jo', 42),
(977, 'jonson', 42),
(978, 'shawn crawford', 42),
(979, 'bernard williams', 42),
(980, 'darren campbell', 42),
(981, 'konstantinos kenteris ', 42),
(982, 'karel louise', 42),
(983, 'alex aberboh', 42),
(984, 'wilfred bungei', 42),
(985, 'lashawn merritt', 42),
(986, 'jeremy wariner', 42),
(987, 'alvin harrison ', 42),
(988, 'rashid ramzi', 42),
(989, 'ramzi', 42),
(990, 'kenenisa bekele', 42),
(991, 'bekele', 42),
(992, 'hussein bolt', 42),
(993, 'alex averbuch', 42),
(994, 'ysaine bolt', 42),
(995, 'usien bolt', 42),
(996, 'emil zatopek', 42),
(997, 'wilson kipketer', 42),
(998, 'hicham el guerrouj', 42),
(999, 'maria mutola', 42),
(1000, 'john glenn', 43),
(1001, 'neil armstrong', 43),
(1002, 'yuri gagarin', 43),
(1003, 'ilan ramon', 43),
(1004, 'laika', 43),
(1005, 'alan bean', 43),
(1006, 'armstrong', 43),
(1007, 'haim ramon', 43),
(1008, 'ramon', 43),
(1009, 'gagarin', 43),
(1010, 'llama', 43),
(1011, 'buzz olderin', 43),
(1012, 'buzz aldrin', 43),
(1013, 'walter schirra', 43),
(1014, 'michael collins', 43),
(1015, 'james lovell', 43),
(1016, 'loren acton', 43),
(1017, 'jerome apt', 43),
(1018, 'lee archambault', 43),
(1019, 'russel shwikart', 43),
(1020, 'william anders', 43),
(1021, 'frank borman', 43),
(1022, 'gene cernan', 43),
(1023, 'william readdy', 43),
(1024, 'edgar mitchell', 43),
(1025, 'carl meade', 43),
(1026, 'sergei k. krikalev', 43),
(1027, 'sergei krikalev', 43),
(1028, 'krikalev', 43),
(1029, 'peggy a. whitson', 43),
(1030, 'peggy whitson', 43),
(1031, 'aldrin', 43),
(1032, 'glenn', 43),
(1033, 'alan shepard', 43),
(1034, 'mannington', 43),
(1035, 'mohawk', 43),
(1036, 'pergo', 43),
(1037, 'hartco', 43),
(1038, 'james adamson', 43),
(1039, 'scott altman', 43),
(1040, 'buzz', 43),
(1041, 'bagian', 43),
(1042, 'yuri', 43),
(1043, 'guy gardner', 43),
(1044, 'judith resnik', 43),
(1045, 'michael j. smith', 43),
(1046, 'michael smith', 43);

-- --------------------------------------------------------

--
-- Stand-in structure for view `items_v`
--
CREATE TABLE IF NOT EXISTS `items_v` (
`ItemID` int(10) unsigned
,`ItemName` varchar(500)
,`topicID` int(11)
);
-- --------------------------------------------------------

--
-- Table structure for table `itemsmentions`
--

CREATE TABLE IF NOT EXISTS `itemsmentions` (
  `ID` int(11) unsigned NOT NULL AUTO_INCREMENT,
  `userID` varchar(100) COLLATE utf8_bin NOT NULL,
  `itemID` int(10) unsigned NOT NULL,
  `topicID` int(10) unsigned NOT NULL,
  `time` timestamp NOT NULL DEFAULT CURRENT_TIMESTAMP,
  PRIMARY KEY (`ID`),
  KEY `itemID` (`itemID`),
  KEY `topicID` (`topicID`)
) ENGINE=InnoDB  DEFAULT CHARSET=utf8 COLLATE=utf8_bin AUTO_INCREMENT=1827 ;

--
-- Dumping data for table `itemsmentions`
--

INSERT INTO `itemsmentions` (`ID`, `userID`, `itemID`, `topicID`, `time`) VALUES
(1, 'Jack@a.c', 2, 1, '2011-03-02 14:13:58'),
(2, 'Jack@a.c', 10, 2, '2011-03-02 14:13:58'),
(3, 'Jack@a.c', 19, 3, '2011-03-02 14:13:58'),
(4, 'Jack@a.c', 28, 4, '2011-03-02 14:13:58'),
(5, 'Jack@a.c', 37, 5, '2011-03-02 14:13:58'),
(6, 'Jack@a.c', 46, 6, '2011-03-02 14:13:58'),
(7, 'Jack@a.c', 55, 7, '2011-03-02 14:13:58'),
(8, 'Jack@a.c', 64, 8, '2011-03-02 14:13:58'),
(9, 'Jack@a.c', 73, 9, '2011-03-02 14:13:58'),
(10, 'Jack@a.c', 82, 10, '2011-03-02 14:13:58'),
(11, 'Jack@a.c', 91, 11, '2011-03-02 14:13:58'),
(12, 'Roy@a.c', 1, 1, '2011-03-02 14:13:58'),
(13, 'Roy@a.c', 12, 2, '2011-03-02 14:13:58'),
(14, 'Roy@a.c', 19, 3, '2011-03-02 14:13:58'),
(15, 'Roy@a.c', 28, 4, '2011-03-02 14:13:58'),
(16, 'Roy@a.c', 37, 5, '2011-03-02 14:13:58'),
(17, 'Roy@a.c', 46, 6, '2011-03-02 14:13:58'),
(18, 'Roy@a.c', 55, 7, '2011-03-02 14:13:58'),
(19, 'Roy@a.c', 71, 8, '2011-03-02 14:13:58'),
(20, 'Roy@a.c', 73, 9, '2011-03-02 14:13:58'),
(21, 'Roy@a.c', 82, 10, '2011-03-02 14:13:58'),
(22, 'Roy@a.c', 97, 12, '2011-03-02 14:13:58'),
(23, 'Eric@a.c', 1, 1, '2011-03-02 14:13:58'),
(24, 'Eric@a.c', 10, 2, '2011-03-02 14:13:58'),
(25, 'Eric@a.c', 22, 3, '2011-03-02 14:13:58'),
(26, 'Eric@a.c', 28, 4, '2011-03-02 14:13:58'),
(27, 'Eric@a.c', 37, 5, '2011-03-02 14:13:58'),
(28, 'Eric@a.c', 46, 6, '2011-03-02 14:13:58'),
(29, 'Eric@a.c', 55, 7, '2011-03-02 14:13:58'),
(30, 'Eric@a.c', 64, 8, '2011-03-02 14:13:58'),
(31, 'Eric@a.c', 73, 9, '2011-03-02 14:13:58'),
(32, 'Eric@a.c', 82, 10, '2011-03-02 14:13:58'),
(33, 'Eric@a.c', 105, 13, '2011-03-02 14:13:58'),
(34, 'Daniel@a.c', 1, 1, '2011-03-02 14:13:58'),
(35, 'Daniel@a.c', 10, 2, '2011-03-02 14:13:58'),
(36, 'Daniel@a.c', 19, 3, '2011-03-02 14:13:58'),
(37, 'Daniel@a.c', 32, 4, '2011-03-02 14:13:58'),
(38, 'Daniel@a.c', 37, 5, '2011-03-02 14:13:58'),
(39, 'Daniel@a.c', 46, 6, '2011-03-02 14:13:58'),
(40, 'Daniel@a.c', 55, 7, '2011-03-02 14:13:58'),
(41, 'Daniel@a.c', 71, 8, '2011-03-02 14:13:58'),
(42, 'Daniel@a.c', 73, 9, '2011-03-02 14:13:58'),
(43, 'Daniel@a.c', 82, 10, '2011-03-02 14:13:58'),
(44, 'Daniel@a.c', 112, 14, '2011-03-02 14:13:58'),
(45, 'Mike@a.c', 1, 1, '2011-03-02 14:13:58'),
(46, 'Mike@a.c', 10, 2, '2011-03-02 14:13:58'),
(47, 'Mike@a.c', 19, 3, '2011-03-02 14:13:58'),
(48, 'Mike@a.c', 28, 4, '2011-03-02 14:13:58'),
(49, 'Mike@a.c', 42, 5, '2011-03-02 14:13:58'),
(50, 'Mike@a.c', 46, 6, '2011-03-02 14:13:58'),
(51, 'Mike@a.c', 55, 7, '2011-03-02 14:13:58'),
(52, 'Mike@a.c', 71, 8, '2011-03-02 14:13:58'),
(53, 'Mike@a.c', 73, 9, '2011-03-02 14:13:58'),
(54, 'Mike@a.c', 82, 10, '2011-03-02 14:13:58'),
(55, 'Mike@a.c', 121, 15, '2011-03-02 14:13:58'),
(56, 'John@a.c', 1, 1, '2011-03-02 14:13:58'),
(57, 'John@a.c', 10, 2, '2011-03-02 14:13:58'),
(58, 'John@a.c', 19, 3, '2011-03-02 14:13:58'),
(59, 'John@a.c', 28, 4, '2011-03-02 14:13:58'),
(60, 'John@a.c', 37, 5, '2011-03-02 14:13:58'),
(61, 'John@a.c', 52, 6, '2011-03-02 14:13:58'),
(62, 'John@a.c', 55, 7, '2011-03-02 14:13:58'),
(63, 'John@a.c', 70, 8, '2011-03-02 14:13:58'),
(64, 'John@a.c', 73, 9, '2011-03-02 14:13:58'),
(65, 'John@a.c', 82, 10, '2011-03-02 14:13:58'),
(66, 'John@a.c', 128, 16, '2011-03-02 14:13:58'),
(67, 'George@a.c', 1, 1, '2011-03-02 14:13:58'),
(68, 'George@a.c', 10, 2, '2011-03-02 14:13:58'),
(69, 'George@a.c', 19, 3, '2011-03-02 14:13:58'),
(70, 'George@a.c', 28, 4, '2011-03-02 14:13:58'),
(71, 'George@a.c', 37, 5, '2011-03-02 14:13:58'),
(72, 'George@a.c', 46, 6, '2011-03-02 14:13:58'),
(73, 'George@a.c', 62, 7, '2011-03-02 14:13:58'),
(74, 'George@a.c', 70, 8, '2011-03-02 14:13:58'),
(75, 'George@a.c', 73, 9, '2011-03-02 14:13:58'),
(76, 'George@a.c', 82, 10, '2011-03-02 14:13:58'),
(77, 'Larry@a.c', 1, 1, '2011-03-02 14:13:58'),
(78, 'Larry@a.c', 10, 2, '2011-03-02 14:13:58'),
(79, 'Larry@a.c', 19, 3, '2011-03-02 14:13:58'),
(80, 'Larry@a.c', 28, 4, '2011-03-02 14:13:58'),
(81, 'Larry@a.c', 37, 5, '2011-03-02 14:13:58'),
(82, 'Larry@a.c', 46, 6, '2011-03-02 14:13:58'),
(83, 'Larry@a.c', 55, 7, '2011-03-02 14:13:58'),
(84, 'Larry@a.c', 67, 8, '2011-03-02 14:13:58'),
(85, 'Larry@a.c', 73, 9, '2011-03-02 14:13:58'),
(86, 'Larry@a.c', 82, 10, '2011-03-02 14:13:58'),
(87, 'James@a.c', 1, 1, '2011-03-02 14:13:58'),
(88, 'James@a.c', 10, 2, '2011-03-02 14:13:58'),
(89, 'James@a.c', 19, 3, '2011-03-02 14:13:58'),
(90, 'James@a.c', 28, 4, '2011-03-02 14:13:58'),
(91, 'James@a.c', 37, 5, '2011-03-02 14:13:58'),
(92, 'James@a.c', 46, 6, '2011-03-02 14:13:58'),
(93, 'James@a.c', 55, 7, '2011-03-02 14:13:58'),
(94, 'James@a.c', 64, 8, '2011-03-02 14:13:58'),
(95, 'James@a.c', 74, 9, '2011-03-02 14:13:58'),
(96, 'James@a.c', 82, 10, '2011-03-02 14:13:58'),
(97, 'Mark@a.c', 1, 1, '2011-03-02 14:13:58'),
(98, 'Mark@a.c', 10, 2, '2011-03-02 14:13:58'),
(99, 'Mark@a.c', 19, 3, '2011-03-02 14:13:58'),
(100, 'Mark@a.c', 28, 4, '2011-03-02 14:13:58'),
(101, 'Mark@a.c', 37, 5, '2011-03-02 14:13:58'),
(102, 'Mark@a.c', 46, 6, '2011-03-02 14:13:58'),
(103, 'Mark@a.c', 55, 7, '2011-03-02 14:13:58'),
(104, 'Mark@a.c', 72, 8, '2011-03-02 14:13:58'),
(105, 'Mark@a.c', 73, 9, '2011-03-02 14:13:58'),
(106, 'Mark@a.c', 84, 10, '2011-03-02 14:13:58'),
(107, 'Albert@a.c', 1, 1, '2011-03-02 14:13:58'),
(108, 'Albert@a.c', 10, 2, '2011-03-02 14:13:58'),
(109, 'Albert@a.c', 19, 3, '2011-03-02 14:13:58'),
(110, 'Albert@a.c', 28, 4, '2011-03-02 14:13:58'),
(111, 'Albert@a.c', 37, 5, '2011-03-02 14:13:58'),
(112, 'Albert@a.c', 46, 6, '2011-03-02 14:13:58'),
(113, 'Albert@a.c', 55, 7, '2011-03-02 14:13:58'),
(114, 'Albert@a.c', 64, 8, '2011-03-02 14:13:58'),
(115, 'Albert@a.c', 73, 9, '2011-03-02 14:13:58'),
(116, 'Albert@a.c', 82, 10, '2011-03-02 14:13:58'),
(117, 'Kvazimodo@a.c', 7, 1, '2011-03-02 14:13:58'),
(118, 'Kvazimodo@a.c', 13, 2, '2011-03-02 14:13:58'),
(119, 'Kvazimodo@a.c', 21, 3, '2011-03-02 14:13:58'),
(120, 'Kvazimodo@a.c', 33, 4, '2011-03-02 14:13:58'),
(121, 'Kvazimodo@a.c', 45, 5, '2011-03-02 14:13:58'),
(122, 'Kvazimodo@a.c', 47, 6, '2011-03-02 14:13:58'),
(123, 'Kvazimodo@a.c', 59, 7, '2011-03-02 14:13:58'),
(124, 'Kvazimodo@a.c', 68, 8, '2011-03-02 14:13:58'),
(125, 'Kvazimodo@a.c', 80, 9, '2011-03-02 14:13:58'),
(126, 'Kvazimodo@a.c', 88, 10, '2011-03-02 14:13:58'),
(127, 'Isaac@a.c', 1, 1, '2011-03-02 14:13:58'),
(128, 'Isaac@a.c', 14, 2, '2011-03-02 14:13:58'),
(129, 'Isaac@a.c', 20, 3, '2011-03-02 14:13:58'),
(130, 'Isaac@a.c', 31, 4, '2011-03-02 14:13:58'),
(131, 'Isaac@a.c', 39, 5, '2011-03-02 14:13:58'),
(132, 'Isaac@a.c', 51, 6, '2011-03-02 14:13:58'),
(133, 'Isaac@a.c', 61, 7, '2011-03-02 14:13:58'),
(134, 'Isaac@a.c', 67, 8, '2011-03-02 14:13:58'),
(135, 'Isaac@a.c', 76, 9, '2011-03-02 14:13:58'),
(136, 'Isaac@a.c', 84, 10, '2011-03-02 14:13:58'),
(137, 'Isaac@a.c', 92, 11, '2011-03-02 14:13:58'),
(138, 'Isaac@a.c', 122, 15, '2011-03-02 14:13:58'),
(139, 'Sheldon@a.c', 3, 1, '2011-03-02 14:13:58'),
(140, 'Sheldon@a.c', 10, 2, '2011-03-02 14:13:58'),
(141, 'Sheldon@a.c', 26, 3, '2011-03-02 14:13:58'),
(142, 'Sheldon@a.c', 30, 4, '2011-03-02 14:13:58'),
(143, 'Sheldon@a.c', 40, 5, '2011-03-02 14:13:58'),
(144, 'Sheldon@a.c', 47, 6, '2011-03-02 14:13:58'),
(145, 'Sheldon@a.c', 63, 7, '2011-03-02 14:13:58'),
(146, 'Sheldon@a.c', 69, 8, '2011-03-02 14:13:58'),
(147, 'Sheldon@a.c', 77, 9, '2011-03-02 14:13:58'),
(148, 'Sheldon@a.c', 85, 10, '2011-03-02 14:13:58'),
(149, 'Sheldon@a.c', 93, 11, '2011-03-02 14:13:58'),
(150, 'Sheldon@a.c', 98, 12, '2011-03-02 14:13:58'),
(151, 'Sheldon@a.c', 129, 16, '2011-03-02 14:13:58'),
(152, 'Leonard@a.c', 4, 1, '2011-03-02 14:13:58'),
(153, 'Leonard@a.c', 16, 2, '2011-03-02 14:13:58'),
(154, 'Leonard@a.c', 19, 3, '2011-03-02 14:13:58'),
(155, 'Leonard@a.c', 32, 4, '2011-03-02 14:13:58'),
(156, 'Leonard@a.c', 41, 5, '2011-03-02 14:13:58'),
(157, 'Leonard@a.c', 54, 6, '2011-03-02 14:13:58'),
(158, 'Leonard@a.c', 57, 7, '2011-03-02 14:13:58'),
(159, 'Leonard@a.c', 69, 8, '2011-03-02 14:13:58'),
(160, 'Leonard@a.c', 78, 9, '2011-03-02 14:13:58'),
(161, 'Leonard@a.c', 86, 10, '2011-03-02 14:13:58'),
(162, 'Leonard@a.c', 94, 11, '2011-03-02 14:13:58'),
(163, 'Leonard@a.c', 102, 12, '2011-03-02 14:13:58'),
(164, 'Leonard@a.c', 106, 13, '2011-03-02 14:13:58'),
(165, 'Leonard@a.c', 132, 16, '2011-03-02 14:13:58'),
(166, 'Zak@a.c', 5, 1, '2011-03-02 14:13:58'),
(167, 'Zak@a.c', 18, 2, '2011-03-02 14:13:58'),
(168, 'Zak@a.c', 23, 3, '2011-03-02 14:13:58'),
(169, 'Zak@a.c', 28, 4, '2011-03-02 14:13:58'),
(170, 'Zak@a.c', 43, 5, '2011-03-02 14:13:58'),
(171, 'Zak@a.c', 49, 6, '2011-03-02 14:13:58'),
(172, 'Zak@a.c', 60, 7, '2011-03-02 14:13:58'),
(173, 'Zak@a.c', 72, 8, '2011-03-02 14:13:58'),
(174, 'Zak@a.c', 75, 9, '2011-03-02 14:13:58'),
(175, 'Zak@a.c', 83, 10, '2011-03-02 14:13:58'),
(176, 'Zak@a.c', 93, 11, '2011-03-02 14:13:58'),
(177, 'Zak@a.c', 101, 12, '2011-03-02 14:13:58'),
(178, 'Zak@a.c', 110, 13, '2011-03-02 14:13:58'),
(179, 'Zak@a.c', 113, 14, '2011-03-02 14:13:58'),
(180, 'Zak@a.c', 131, 16, '2011-03-02 14:13:58'),
(181, 'Penny@a.c', 6, 1, '2011-03-02 14:13:58'),
(182, 'Penny@a.c', 10, 2, '2011-03-02 14:13:58'),
(183, 'Penny@a.c', 25, 3, '2011-03-02 14:13:58'),
(184, 'Penny@a.c', 34, 4, '2011-03-02 14:13:58'),
(185, 'Penny@a.c', 37, 5, '2011-03-02 14:13:58'),
(186, 'Penny@a.c', 51, 6, '2011-03-02 14:13:58'),
(187, 'Penny@a.c', 62, 7, '2011-03-02 14:13:58'),
(188, 'Penny@a.c', 69, 8, '2011-03-02 14:13:58'),
(189, 'Penny@a.c', 74, 9, '2011-03-02 14:13:58'),
(190, 'Penny@a.c', 90, 10, '2011-03-02 14:13:58'),
(191, 'Penny@a.c', 95, 11, '2011-03-02 14:13:58'),
(192, 'Penny@a.c', 100, 12, '2011-03-02 14:13:58'),
(193, 'Penny@a.c', 109, 13, '2011-03-02 14:13:58'),
(194, 'Penny@a.c', 117, 14, '2011-03-02 14:13:58'),
(195, 'Penny@a.c', 126, 15, '2011-03-02 14:13:58'),
(196, 'Penny@a.c', 130, 16, '2011-03-02 14:13:58'),
(197, 'Amy@a.c', 7, 1, '2011-03-02 14:13:58'),
(198, 'Amy@a.c', 12, 2, '2011-03-02 14:13:58'),
(199, 'Amy@a.c', 27, 3, '2011-03-02 14:13:58'),
(200, 'Amy@a.c', 33, 4, '2011-03-02 14:13:58'),
(201, 'Amy@a.c', 38, 5, '2011-03-02 14:13:58'),
(202, 'Amy@a.c', 46, 6, '2011-03-02 14:13:58'),
(203, 'Amy@a.c', 58, 7, '2011-03-02 14:13:58'),
(204, 'Amy@a.c', 68, 8, '2011-03-02 14:13:58'),
(205, 'Amy@a.c', 79, 9, '2011-03-02 14:13:58'),
(206, 'Amy@a.c', 89, 10, '2011-03-02 14:13:58'),
(207, 'Amy@a.c', 99, 12, '2011-03-02 14:13:58'),
(208, 'Amy@a.c', 108, 13, '2011-03-02 14:13:58'),
(209, 'Amy@a.c', 116, 14, '2011-03-02 14:13:58'),
(210, 'Amy@a.c', 125, 15, '2011-03-02 14:13:58'),
(211, 'Bernadeth@a.c', 8, 1, '2011-03-02 14:13:58'),
(212, 'Bernadeth@a.c', 11, 2, '2011-03-02 14:13:58'),
(213, 'Bernadeth@a.c', 21, 3, '2011-03-02 14:13:58'),
(214, 'Bernadeth@a.c', 29, 4, '2011-03-02 14:13:58'),
(215, 'Bernadeth@a.c', 38, 5, '2011-03-02 14:13:58'),
(216, 'Bernadeth@a.c', 50, 6, '2011-03-02 14:13:58'),
(217, 'Bernadeth@a.c', 55, 7, '2011-03-02 14:13:58'),
(218, 'Bernadeth@a.c', 67, 8, '2011-03-02 14:13:58'),
(219, 'Bernadeth@a.c', 81, 9, '2011-03-02 14:13:58'),
(220, 'Bernadeth@a.c', 88, 10, '2011-03-02 14:13:58'),
(221, 'Bernadeth@a.c', 102, 12, '2011-03-02 14:13:58'),
(222, 'Bernadeth@a.c', 107, 13, '2011-03-02 14:13:58'),
(223, 'Bernadeth@a.c', 115, 14, '2011-03-02 14:13:58'),
(224, 'Bernadeth@a.c', 124, 15, '2011-03-02 14:13:58'),
(225, 'Rhaj@a.c', 9, 1, '2011-03-02 14:13:58'),
(226, 'Rhaj@a.c', 15, 2, '2011-03-02 14:13:58'),
(227, 'Rhaj@a.c', 22, 3, '2011-03-02 14:13:58'),
(228, 'Rhaj@a.c', 35, 4, '2011-03-02 14:13:58'),
(229, 'Rhaj@a.c', 42, 5, '2011-03-02 14:13:58'),
(230, 'Rhaj@a.c', 48, 6, '2011-03-02 14:13:58'),
(231, 'Rhaj@a.c', 56, 7, '2011-03-02 14:13:58'),
(232, 'Rhaj@a.c', 72, 8, '2011-03-02 14:13:58'),
(233, 'Rhaj@a.c', 78, 9, '2011-03-02 14:13:58'),
(234, 'Rhaj@a.c', 87, 10, '2011-03-02 14:13:58'),
(235, 'Rhaj@a.c', 107, 13, '2011-03-02 14:13:58'),
(236, 'Rhaj@a.c', 114, 14, '2011-03-02 14:13:58'),
(237, 'Rhaj@a.c', 123, 15, '2011-03-02 14:13:58'),
(238, 'Howard@a.c', 1, 1, '2011-03-02 14:13:58'),
(239, 'Howard@a.c', 11, 2, '2011-03-02 14:13:58'),
(240, 'Howard@a.c', 24, 3, '2011-03-02 14:13:58'),
(241, 'Howard@a.c', 36, 4, '2011-03-02 14:13:58'),
(242, 'Howard@a.c', 44, 5, '2011-03-02 14:13:58'),
(243, 'Howard@a.c', 53, 6, '2011-03-02 14:13:58'),
(244, 'Howard@a.c', 63, 7, '2011-03-02 14:13:58'),
(245, 'Howard@a.c', 70, 8, '2011-03-02 14:13:58'),
(246, 'Howard@a.c', 73, 9, '2011-03-02 14:13:58'),
(247, 'Howard@a.c', 84, 10, '2011-03-02 14:13:58'),
(248, 'Howard@a.c', 113, 14, '2011-03-02 14:13:58'),
(249, 'Howard@a.c', 123, 15, '2011-03-02 14:13:58'),
(250, 'Monica@a.c', 2, 1, '2011-03-02 14:13:58'),
(251, 'Monica@a.c', 16, 2, '2011-03-02 14:13:58'),
(252, 'Monica@a.c', 22, 3, '2011-03-02 14:13:58'),
(253, 'Monica@a.c', 35, 4, '2011-03-02 14:13:58'),
(254, 'Monica@a.c', 45, 5, '2011-03-02 14:13:58'),
(255, 'Monica@a.c', 52, 6, '2011-03-02 14:13:58'),
(256, 'Monica@a.c', 61, 7, '2011-03-02 14:13:58'),
(257, 'Monica@a.c', 68, 8, '2011-03-02 14:13:58'),
(258, 'Monica@a.c', 74, 9, '2011-03-02 14:13:58'),
(259, 'Monica@a.c', 82, 10, '2011-03-02 14:13:58'),
(260, 'Monica@a.c', 122, 15, '2011-03-02 14:13:58'),
(261, 'Jack@a.c', 134, 35, '2009-08-17 16:29:40'),
(262, 'Jack@a.c', 135, 35, '2009-08-17 16:29:49'),
(263, 'Jack@a.c', 136, 35, '2009-08-17 16:30:02'),
(264, 'Jack@a.c', 137, 35, '2009-08-17 16:30:20'),
(265, 'Monica@a.c', 947, 42, '2009-08-17 17:43:55'),
(266, 'Jack@a.c', 948, 42, '2009-08-17 17:43:57'),
(267, 'Monica@a.c', 949, 42, '2009-08-17 17:44:15'),
(268, 'Daniel@a.c', 948, 42, '2009-08-17 17:44:19'),
(269, 'Monica@a.c', 950, 42, '2009-08-17 17:44:26'),
(270, 'Daniel@a.c', 951, 42, '2009-08-17 17:44:35'),
(271, 'Monica@a.c', 952, 42, '2009-08-17 17:44:36'),
(272, 'Monica@a.c', 953, 42, '2009-08-17 17:44:43'),
(273, 'Zak@a.c', 631, 40, '2009-08-17 17:48:37'),
(274, 'Zak@a.c', 632, 40, '2009-08-17 17:48:40'),
(275, 'Zak@a.c', 633, 40, '2009-08-17 17:48:49'),
(276, 'Zak@a.c', 634, 40, '2009-08-17 17:48:57'),
(277, 'Monica@a.c', 632, 40, '2009-08-17 17:48:59'),
(278, 'Zak@a.c', 635, 40, '2009-08-17 17:49:02'),
(279, 'Monica@a.c', 636, 40, '2009-08-17 17:49:03'),
(280, 'Monica@a.c', 637, 40, '2009-08-17 17:49:06'),
(281, 'Monica@a.c', 638, 40, '2009-08-17 17:49:11'),
(282, 'Monica@a.c', 639, 40, '2009-08-17 17:49:23'),
(283, 'Monica@a.c', 640, 40, '2009-08-17 17:49:37'),
(284, 'Monica@a.c', 641, 40, '2009-08-17 17:49:48'),
(285, 'Monica@a.c', 642, 40, '2009-08-17 18:05:42'),
(286, 'Zak@a.c', 644, 40, '2009-08-17 18:05:53'),
(287, 'Zak@a.c', 645, 40, '2009-08-17 18:06:02'),
(288, 'Zak@a.c', 646, 40, '2009-08-17 18:06:06'),
(289, 'Zak@a.c', 647, 40, '2009-08-17 18:06:14'),
(290, 'Zak@a.c', 648, 40, '2009-08-17 18:06:24'),
(291, 'Zak@a.c', 649, 40, '2009-08-17 18:06:30'),
(292, 'Zak@a.c', 305, 36, '2009-08-17 18:11:22'),
(293, 'Zak@a.c', 306, 36, '2009-08-17 18:11:26'),
(294, 'Zak@a.c', 307, 36, '2009-08-17 18:11:30'),
(295, 'Zak@a.c', 308, 36, '2009-08-17 18:11:32'),
(296, 'Zak@a.c', 309, 36, '2009-08-17 18:11:42'),
(297, 'Zak@a.c', 310, 36, '2009-08-17 18:11:46'),
(298, 'Zak@a.c', 311, 36, '2009-08-17 18:11:54'),
(299, 'Zak@a.c', 312, 36, '2009-08-17 18:12:08'),
(300, 'Zak@a.c', 313, 36, '2009-08-17 18:12:12'),
(301, 'Zak@a.c', 314, 36, '2009-08-17 18:12:16'),
(302, 'Zak@a.c', 556, 39, '2009-08-17 18:14:28'),
(303, 'Zak@a.c', 557, 39, '2009-08-17 18:14:45'),
(304, 'Monica@a.c', 558, 39, '2009-08-17 18:14:46'),
(305, 'Monica@a.c', 559, 39, '2009-08-17 18:14:51'),
(306, 'Monica@a.c', 560, 39, '2009-08-17 18:14:53'),
(307, 'Monica@a.c', 561, 39, '2009-08-17 18:14:59'),
(308, 'Zak@a.c', 562, 39, '2009-08-17 18:15:01'),
(309, 'Monica@a.c', 563, 39, '2009-08-17 18:15:03'),
(310, 'Zak@a.c', 560, 39, '2009-08-17 18:15:06'),
(311, 'Monica@a.c', 564, 39, '2009-08-17 18:15:08'),
(312, 'Monica@a.c', 565, 39, '2009-08-17 18:15:11'),
(313, 'Zak@a.c', 566, 39, '2009-08-17 18:15:18'),
(314, 'Monica@a.c', 567, 39, '2009-08-17 18:15:20'),
(315, 'Monica@a.c', 568, 39, '2009-08-17 18:15:25'),
(316, 'Monica@a.c', 569, 39, '2009-08-17 18:15:31'),
(317, 'Monica@a.c', 570, 39, '2009-08-17 18:15:36'),
(318, 'Monica@a.c', 315, 36, '2009-08-17 18:15:44'),
(319, 'Monica@a.c', 309, 36, '2009-08-17 18:15:45'),
(320, 'Monica@a.c', 316, 36, '2009-08-17 18:15:49'),
(321, 'Monica@a.c', 305, 36, '2009-08-17 18:15:51'),
(322, 'Monica@a.c', 308, 36, '2009-08-17 18:15:54'),
(323, 'Monica@a.c', 317, 36, '2009-08-17 18:16:01'),
(324, 'Monica@a.c', 311, 36, '2009-08-17 18:16:09'),
(325, 'Monica@a.c', 318, 36, '2009-08-17 18:16:14'),
(326, 'Monica@a.c', 310, 36, '2009-08-17 18:16:15'),
(327, 'Monica@a.c', 319, 36, '2009-08-17 18:16:33'),
(328, 'Jack@a.c', 395, 37, '2009-08-17 18:30:54'),
(329, 'Penny@a.c', 712, 41, '2009-08-17 18:40:37'),
(330, 'Penny@a.c', 713, 41, '2009-08-17 18:40:39'),
(331, 'Penny@a.c', 714, 41, '2009-08-17 18:40:47'),
(332, 'Penny@a.c', 715, 41, '2009-08-17 18:40:49'),
(333, 'Penny@a.c', 716, 41, '2009-08-17 18:40:50'),
(334, 'Penny@a.c', 717, 41, '2009-08-17 18:40:58'),
(335, 'Penny@a.c', 718, 41, '2009-08-17 18:40:59'),
(336, 'Penny@a.c', 719, 41, '2009-08-17 18:41:01'),
(337, 'Penny@a.c', 720, 41, '2009-08-17 18:41:04'),
(338, 'Penny@a.c', 721, 41, '2009-08-17 18:41:08'),
(339, 'Penny@a.c', 722, 41, '2009-08-17 18:41:23'),
(340, 'Penny@a.c', 723, 41, '2009-08-17 18:41:29'),
(341, 'Penny@a.c', 724, 41, '2009-08-17 18:41:31'),
(342, 'Penny@a.c', 650, 40, '2009-08-17 18:44:24'),
(343, 'Penny@a.c', 651, 40, '2009-08-17 18:44:34'),
(344, 'Penny@a.c', 632, 40, '2009-08-17 18:44:36'),
(345, 'Penny@a.c', 633, 40, '2009-08-17 18:44:46'),
(346, 'Penny@a.c', 652, 40, '2009-08-17 18:44:47'),
(347, 'Penny@a.c', 653, 40, '2009-08-17 18:44:51'),
(348, 'Bernadeth@a.c', 954, 42, '2009-08-17 19:04:34'),
(349, 'Bernadeth@a.c', 955, 42, '2009-08-17 19:04:40'),
(350, 'Bernadeth@a.c', 950, 42, '2009-08-17 19:04:48'),
(351, 'Bernadeth@a.c', 1000, 43, '2009-08-17 19:06:27'),
(352, 'Bernadeth@a.c', 1001, 43, '2009-08-17 19:06:36'),
(353, 'Bernadeth@a.c', 1002, 43, '2009-08-17 19:06:46'),
(354, 'Bernadeth@a.c', 1003, 43, '2009-08-17 19:06:52'),
(355, 'Zak@a.c', 135, 35, '2009-08-17 19:21:44'),
(356, 'Zak@a.c', 138, 35, '2009-08-17 19:21:48'),
(357, 'Zak@a.c', 134, 35, '2009-08-17 19:21:49'),
(358, 'Zak@a.c', 139, 35, '2009-08-17 19:21:56'),
(359, 'Zak@a.c', 140, 35, '2009-08-17 19:22:02'),
(360, 'Zak@a.c', 141, 35, '2009-08-17 19:22:21'),
(361, 'Zak@a.c', 142, 35, '2009-08-17 19:22:34'),
(362, 'Zak@a.c', 143, 35, '2009-08-17 19:22:37'),
(363, 'Zak@a.c', 144, 35, '2009-08-17 19:22:41'),
(364, 'Bernadeth@a.c', 145, 35, '2009-08-17 19:22:47'),
(365, 'Bernadeth@a.c', 135, 35, '2009-08-17 19:22:50'),
(366, 'Bernadeth@a.c', 134, 35, '2009-08-17 19:22:52'),
(367, 'Bernadeth@a.c', 146, 35, '2009-08-17 19:23:00'),
(368, 'Bernadeth@a.c', 147, 35, '2009-08-17 19:23:04'),
(369, 'Bernadeth@a.c', 148, 35, '2009-08-17 19:23:10'),
(370, 'Bernadeth@a.c', 149, 35, '2009-08-17 19:23:14'),
(371, 'Bernadeth@a.c', 150, 35, '2009-08-17 19:23:21'),
(372, 'Bernadeth@a.c', 151, 35, '2009-08-17 19:23:27'),
(373, 'Bernadeth@a.c', 152, 35, '2009-08-17 19:23:33'),
(374, 'Bernadeth@a.c', 153, 35, '2009-08-17 19:23:36'),
(375, 'Bernadeth@a.c', 154, 35, '2009-08-17 19:23:40'),
(376, 'Bernadeth@a.c', 636, 40, '2009-08-17 19:28:50'),
(377, 'Zak@a.c', 654, 40, '2009-08-17 19:28:53'),
(378, 'Bernadeth@a.c', 655, 40, '2009-08-17 19:28:53'),
(379, 'Bernadeth@a.c', 656, 40, '2009-08-17 19:29:01'),
(380, 'Bernadeth@a.c', 632, 40, '2009-08-17 19:29:03'),
(381, 'Zak@a.c', 637, 40, '2009-08-17 19:29:10'),
(382, 'Bernadeth@a.c', 634, 40, '2009-08-17 19:29:11'),
(383, 'Bernadeth@a.c', 633, 40, '2009-08-17 19:29:20'),
(384, 'Zak@a.c', 657, 40, '2009-08-17 19:29:28'),
(385, 'Bernadeth@a.c', 658, 40, '2009-08-17 19:29:28'),
(386, 'Bernadeth@a.c', 659, 40, '2009-08-17 19:29:32'),
(387, 'Bernadeth@a.c', 660, 40, '2009-08-17 19:29:41'),
(388, 'Zak@a.c', 956, 42, '2009-08-17 19:38:09'),
(389, 'Zak@a.c', 957, 42, '2009-08-17 19:38:46'),
(390, 'Zak@a.c', 958, 42, '2009-08-17 19:39:00'),
(391, 'Zak@a.c', 571, 39, '2009-08-17 19:50:00'),
(392, 'Zak@a.c', 564, 39, '2009-08-17 19:50:02'),
(393, 'Zak@a.c', 563, 39, '2009-08-17 19:50:09'),
(394, 'Zak@a.c', 572, 39, '2009-08-17 19:50:16'),
(395, 'Bernadeth@a.c', 558, 39, '2009-08-17 19:50:24'),
(396, 'Zak@a.c', 561, 39, '2009-08-17 19:50:27'),
(397, 'Bernadeth@a.c', 562, 39, '2009-08-17 19:50:29'),
(398, 'Zak@a.c', 573, 39, '2009-08-17 19:50:32'),
(399, 'Bernadeth@a.c', 574, 39, '2009-08-17 19:50:34'),
(400, 'Bernadeth@a.c', 575, 39, '2009-08-17 19:50:38'),
(401, 'Bernadeth@a.c', 557, 39, '2009-08-17 19:50:42'),
(402, 'Bernadeth@a.c', 561, 39, '2009-08-17 19:50:46'),
(403, 'Bernadeth@a.c', 576, 39, '2009-08-17 19:50:56'),
(404, 'Bernadeth@a.c', 577, 39, '2009-08-17 19:51:06'),
(405, 'Bernadeth@a.c', 578, 39, '2009-08-17 19:51:19'),
(406, 'Zak@a.c', 396, 37, '2009-08-17 20:08:57'),
(407, 'Zak@a.c', 397, 37, '2009-08-17 20:09:12'),
(408, 'Bernadeth@a.c', 398, 37, '2009-08-17 20:09:25'),
(409, 'Bernadeth@a.c', 397, 37, '2009-08-17 20:09:32'),
(410, 'Bernadeth@a.c', 399, 37, '2009-08-17 20:09:43'),
(411, 'Bernadeth@a.c', 400, 37, '2009-08-17 20:10:09'),
(412, 'Bernadeth@a.c', 716, 41, '2009-08-17 20:47:58'),
(413, 'Bernadeth@a.c', 715, 41, '2009-08-17 20:47:59'),
(414, 'Bernadeth@a.c', 725, 41, '2009-08-17 20:48:02'),
(415, 'Bernadeth@a.c', 726, 41, '2009-08-17 20:48:04'),
(416, 'Bernadeth@a.c', 727, 41, '2009-08-17 20:48:05'),
(417, 'Bernadeth@a.c', 728, 41, '2009-08-17 20:48:07'),
(418, 'Bernadeth@a.c', 719, 41, '2009-08-17 20:48:09'),
(419, 'Bernadeth@a.c', 718, 41, '2009-08-17 20:48:12'),
(420, 'Bernadeth@a.c', 729, 41, '2009-08-17 20:48:16'),
(421, 'Bernadeth@a.c', 730, 41, '2009-08-17 20:48:20'),
(422, 'Bernadeth@a.c', 731, 41, '2009-08-17 20:48:22'),
(423, 'Bernadeth@a.c', 732, 41, '2009-08-17 20:48:30'),
(424, 'Bernadeth@a.c', 733, 41, '2009-08-17 20:48:33'),
(425, 'Bernadeth@a.c', 734, 41, '2009-08-17 20:48:36'),
(426, 'Bernadeth@a.c', 717, 41, '2009-08-17 20:48:41'),
(427, 'Bernadeth@a.c', 735, 41, '2009-08-17 20:48:45'),
(428, 'Bernadeth@a.c', 736, 41, '2009-08-17 20:48:52'),
(429, 'Bernadeth@a.c', 737, 41, '2009-08-17 20:48:54'),
(430, 'Bernadeth@a.c', 661, 40, '2009-08-17 20:55:12'),
(431, 'Bernadeth@a.c', 662, 40, '2009-08-17 20:55:33'),
(432, 'Bernadeth@a.c', 652, 40, '2009-08-17 20:55:37'),
(433, 'Bernadeth@a.c', 653, 40, '2009-08-17 20:55:51'),
(434, 'Bernadeth@a.c', 663, 40, '2009-08-17 20:55:57'),
(435, 'Penny@a.c', 579, 39, '2009-08-17 22:40:47'),
(436, 'Penny@a.c', 556, 39, '2009-08-17 22:40:48'),
(437, 'Penny@a.c', 580, 39, '2009-08-17 22:40:56'),
(438, 'Penny@a.c', 557, 39, '2009-08-17 22:41:00'),
(439, 'Penny@a.c', 581, 39, '2009-08-17 22:41:01'),
(440, 'Penny@a.c', 582, 39, '2009-08-17 22:41:10'),
(441, 'Penny@a.c', 565, 39, '2009-08-17 22:41:10'),
(442, 'Penny@a.c', 568, 39, '2009-08-17 22:41:20'),
(443, 'Penny@a.c', 583, 39, '2009-08-17 22:41:36'),
(444, 'Penny@a.c', 1001, 43, '2009-08-17 22:50:15'),
(445, 'Penny@a.c', 1003, 43, '2009-08-17 22:50:21'),
(446, 'Bernadeth@a.c', 310, 36, '2009-08-17 23:24:57'),
(447, 'Bernadeth@a.c', 306, 36, '2009-08-17 23:25:01'),
(448, 'Bernadeth@a.c', 315, 36, '2009-08-17 23:25:04'),
(449, 'Bernadeth@a.c', 311, 36, '2009-08-17 23:25:07'),
(450, 'Bernadeth@a.c', 320, 36, '2009-08-17 23:25:17'),
(451, 'Bernadeth@a.c', 314, 36, '2009-08-17 23:25:28'),
(452, 'Bernadeth@a.c', 321, 36, '2009-08-17 23:25:34'),
(453, 'Bernadeth@a.c', 318, 36, '2009-08-17 23:25:44'),
(454, 'Bernadeth@a.c', 155, 35, '2009-08-17 23:40:18'),
(455, 'Bernadeth@a.c', 156, 35, '2009-08-17 23:40:24'),
(456, 'Bernadeth@a.c', 157, 35, '2009-08-17 23:40:32'),
(457, 'Zak@a.c', 158, 35, '2009-08-17 23:40:34'),
(458, 'Bernadeth@a.c', 159, 35, '2009-08-17 23:40:35'),
(459, 'Bernadeth@a.c', 160, 35, '2009-08-17 23:40:41'),
(460, 'Bernadeth@a.c', 161, 35, '2009-08-17 23:40:45'),
(461, 'Bernadeth@a.c', 144, 35, '2009-08-17 23:40:47'),
(462, 'Zak@a.c', 145, 35, '2009-08-17 23:40:50'),
(463, 'Zak@a.c', 162, 35, '2009-08-17 23:40:53'),
(464, 'Bernadeth@a.c', 163, 35, '2009-08-17 23:40:56'),
(465, 'Zak@a.c', 164, 35, '2009-08-17 23:40:58'),
(466, 'Bernadeth@a.c', 165, 35, '2009-08-17 23:41:01'),
(467, 'Zak@a.c', 166, 35, '2009-08-17 23:41:14'),
(468, 'Bernadeth@a.c', 738, 41, '2009-08-17 23:57:03'),
(469, 'Bernadeth@a.c', 714, 41, '2009-08-17 23:57:05'),
(470, 'Zak@a.c', 713, 41, '2009-08-17 23:57:08'),
(471, 'Bernadeth@a.c', 739, 41, '2009-08-17 23:57:09'),
(472, 'Zak@a.c', 712, 41, '2009-08-17 23:57:11'),
(473, 'Bernadeth@a.c', 740, 41, '2009-08-17 23:57:12'),
(474, 'Zak@a.c', 716, 41, '2009-08-17 23:57:13'),
(475, 'Bernadeth@a.c', 722, 41, '2009-08-17 23:57:14'),
(476, 'Bernadeth@a.c', 721, 41, '2009-08-17 23:57:16'),
(477, 'Zak@a.c', 741, 41, '2009-08-17 23:57:18'),
(478, 'Zak@a.c', 723, 41, '2009-08-17 23:57:21'),
(479, 'Bernadeth@a.c', 742, 41, '2009-08-17 23:57:21'),
(480, 'Zak@a.c', 743, 41, '2009-08-17 23:57:24'),
(481, 'Bernadeth@a.c', 744, 41, '2009-08-17 23:57:25'),
(482, 'Zak@a.c', 745, 41, '2009-08-17 23:57:29'),
(483, 'Bernadeth@a.c', 713, 41, '2009-08-17 23:57:30'),
(484, 'Bernadeth@a.c', 712, 41, '2009-08-17 23:57:34'),
(485, 'Zak@a.c', 714, 41, '2009-08-17 23:57:34'),
(486, 'Bernadeth@a.c', 746, 41, '2009-08-17 23:57:37'),
(487, 'Bernadeth@a.c', 747, 41, '2009-08-17 23:57:44'),
(488, 'Bernadeth@a.c', 748, 41, '2009-08-17 23:57:53'),
(489, 'Zak@a.c', 749, 41, '2009-08-17 23:57:54'),
(490, 'Zak@a.c', 1003, 43, '2009-08-17 23:59:10'),
(491, 'Bernadeth@a.c', 637, 40, '2009-08-18 00:08:01'),
(492, 'Bernadeth@a.c', 664, 40, '2009-08-18 00:08:13'),
(493, 'Bernadeth@a.c', 647, 40, '2009-08-18 00:08:28'),
(494, 'Bernadeth@a.c', 665, 40, '2009-08-18 00:08:37'),
(495, 'Bernadeth@a.c', 959, 42, '2009-08-18 00:20:32'),
(496, 'Bernadeth@a.c', 167, 35, '2009-08-18 00:23:07'),
(497, 'Bernadeth@a.c', 168, 35, '2009-08-18 00:23:25'),
(498, 'Bernadeth@a.c', 169, 35, '2009-08-18 00:23:37'),
(499, 'Bernadeth@a.c', 170, 35, '2009-08-18 00:23:49'),
(500, 'Bernadeth@a.c', 579, 39, '2009-08-18 07:06:04'),
(501, 'Bernadeth@a.c', 584, 39, '2009-08-18 07:06:09'),
(502, 'Bernadeth@a.c', 585, 39, '2009-08-18 07:06:14'),
(503, 'Bernadeth@a.c', 563, 39, '2009-08-18 07:06:22'),
(504, 'Bernadeth@a.c', 572, 39, '2009-08-18 07:06:30'),
(505, 'Bernadeth@a.c', 580, 39, '2009-08-18 07:06:57'),
(506, 'Bernadeth@a.c', 401, 37, '2009-08-18 07:27:56'),
(507, 'Bernadeth@a.c', 402, 37, '2009-08-18 07:28:01'),
(508, 'Bernadeth@a.c', 403, 37, '2009-08-18 07:28:14'),
(509, 'Bernadeth@a.c', 404, 37, '2009-08-18 07:28:27'),
(510, 'Bernadeth@a.c', 750, 41, '2009-08-18 07:48:50'),
(511, 'Bernadeth@a.c', 751, 41, '2009-08-18 07:48:53'),
(512, 'Bernadeth@a.c', 752, 41, '2009-08-18 07:48:56'),
(513, 'Bernadeth@a.c', 753, 41, '2009-08-18 07:49:00'),
(514, 'Bernadeth@a.c', 754, 41, '2009-08-18 07:49:08'),
(515, 'Bernadeth@a.c', 755, 41, '2009-08-18 07:49:16'),
(516, 'Bernadeth@a.c', 756, 41, '2009-08-18 07:49:24'),
(517, 'Bernadeth@a.c', 757, 41, '2009-08-18 07:49:27'),
(518, 'Bernadeth@a.c', 758, 41, '2009-08-18 07:49:33'),
(519, 'Bernadeth@a.c', 759, 41, '2009-08-18 07:49:37'),
(520, 'Bernadeth@a.c', 760, 41, '2009-08-18 07:49:39'),
(521, 'Zak@a.c', 171, 35, '2009-08-18 09:12:46'),
(522, 'Zak@a.c', 172, 35, '2009-08-18 09:12:50'),
(523, 'Zak@a.c', 173, 35, '2009-08-18 09:12:56'),
(524, 'Zak@a.c', 174, 35, '2009-08-18 09:13:05'),
(525, 'Zak@a.c', 175, 35, '2009-08-18 09:13:10'),
(526, 'Zak@a.c', 176, 35, '2009-08-18 09:13:12'),
(527, 'Zak@a.c', 177, 35, '2009-08-18 09:13:23'),
(528, 'Bernadeth@a.c', 586, 39, '2009-08-18 09:23:47'),
(529, 'Bernadeth@a.c', 582, 39, '2009-08-18 09:24:02'),
(530, 'Zak@a.c', 587, 39, '2009-08-18 09:24:19'),
(531, 'Bernadeth@a.c', 178, 35, '2009-08-18 09:25:52'),
(532, 'Bernadeth@a.c', 179, 35, '2009-08-18 09:25:58'),
(533, 'Bernadeth@a.c', 180, 35, '2009-08-18 09:26:06'),
(534, 'Bernadeth@a.c', 181, 35, '2009-08-18 09:26:11'),
(535, 'Bernadeth@a.c', 182, 35, '2009-08-18 09:26:14'),
(536, 'Bernadeth@a.c', 183, 35, '2009-08-18 09:26:27'),
(537, 'Zak@a.c', 184, 35, '2009-08-18 09:53:02'),
(538, 'Zak@a.c', 185, 35, '2009-08-18 09:53:06'),
(539, 'Zak@a.c', 186, 35, '2009-08-18 09:53:12'),
(540, 'Zak@a.c', 187, 35, '2009-08-18 09:53:33'),
(541, 'Zak@a.c', 405, 37, '2009-08-18 09:54:00'),
(542, 'Zak@a.c', 395, 37, '2009-08-18 09:54:07'),
(543, 'Zak@a.c', 406, 37, '2009-08-18 09:54:12'),
(544, 'Zak@a.c', 407, 37, '2009-08-18 09:54:17'),
(545, 'Zak@a.c', 408, 37, '2009-08-18 09:54:22'),
(546, 'Zak@a.c', 409, 37, '2009-08-18 09:54:27'),
(547, 'Zak@a.c', 410, 37, '2009-08-18 09:54:30'),
(548, 'Zak@a.c', 411, 37, '2009-08-18 09:54:40'),
(549, 'Zak@a.c', 960, 42, '2009-08-18 10:24:39'),
(550, 'Zak@a.c', 951, 42, '2009-08-18 10:25:25'),
(551, 'George@a.c', 476, 38, '2009-08-18 10:32:01'),
(552, 'George@a.c', 477, 38, '2009-08-18 10:32:10'),
(553, 'George@a.c', 478, 38, '2009-08-18 10:32:21'),
(554, 'George@a.c', 479, 38, '2009-08-18 10:32:30'),
(555, 'George@a.c', 480, 38, '2009-08-18 10:32:43'),
(556, 'George@a.c', 581, 39, '2009-08-18 10:39:01'),
(557, 'George@a.c', 587, 39, '2009-08-18 10:39:07'),
(558, 'George@a.c', 557, 39, '2009-08-18 10:39:09'),
(559, 'George@a.c', 558, 39, '2009-08-18 10:39:12'),
(560, 'George@a.c', 588, 39, '2009-08-18 10:39:20'),
(561, 'George@a.c', 589, 39, '2009-08-18 10:39:26'),
(562, 'George@a.c', 590, 39, '2009-08-18 10:39:37'),
(563, 'George@a.c', 563, 39, '2009-08-18 10:39:43'),
(564, 'George@a.c', 579, 39, '2009-08-18 10:39:46'),
(565, 'Zak@a.c', 735, 41, '2009-08-18 10:47:00'),
(566, 'Zak@a.c', 738, 41, '2009-08-18 10:47:03'),
(567, 'Zak@a.c', 761, 41, '2009-08-18 10:47:10'),
(568, 'Zak@a.c', 717, 41, '2009-08-18 10:47:21'),
(569, 'Zak@a.c', 762, 41, '2009-08-18 10:47:29'),
(570, 'Zak@a.c', 763, 41, '2009-08-18 10:47:43'),
(571, 'George@a.c', 714, 41, '2009-08-18 10:47:50'),
(572, 'Zak@a.c', 764, 41, '2009-08-18 10:47:50'),
(573, 'George@a.c', 727, 41, '2009-08-18 10:47:51'),
(574, 'Zak@a.c', 720, 41, '2009-08-18 10:47:52'),
(575, 'George@a.c', 761, 41, '2009-08-18 10:47:54'),
(576, 'George@a.c', 745, 41, '2009-08-18 10:47:56'),
(577, 'Zak@a.c', 765, 41, '2009-08-18 10:47:58'),
(578, 'George@a.c', 766, 41, '2009-08-18 10:48:00'),
(579, 'George@a.c', 716, 41, '2009-08-18 10:48:03'),
(580, 'George@a.c', 715, 41, '2009-08-18 10:48:05'),
(581, 'George@a.c', 767, 41, '2009-08-18 10:48:10'),
(582, 'George@a.c', 768, 41, '2009-08-18 10:48:27'),
(583, 'George@a.c', 719, 41, '2009-08-18 10:48:31'),
(584, 'George@a.c', 732, 41, '2009-08-18 10:48:36'),
(585, 'Bernadeth@a.c', 666, 40, '2009-08-18 11:06:19'),
(586, 'Bernadeth@a.c', 667, 40, '2009-08-18 11:06:28'),
(587, 'Isaac@a.c', 309, 36, '2009-08-18 11:13:05'),
(588, 'Isaac@a.c', 315, 36, '2009-08-18 11:13:12'),
(589, 'Isaac@a.c', 322, 36, '2009-08-18 11:13:18'),
(590, 'Isaac@a.c', 308, 36, '2009-08-18 11:13:23'),
(591, 'Bernadeth@a.c', 308, 36, '2009-08-18 11:13:34'),
(592, 'Bernadeth@a.c', 323, 36, '2009-08-18 11:13:39'),
(593, 'Isaac@a.c', 324, 36, '2009-08-18 11:13:39'),
(594, 'Bernadeth@a.c', 325, 36, '2009-08-18 11:13:57'),
(595, 'Bernadeth@a.c', 326, 36, '2009-08-18 11:14:00'),
(596, 'Bernadeth@a.c', 317, 36, '2009-08-18 11:14:01'),
(597, 'Bernadeth@a.c', 312, 36, '2009-08-18 11:14:11'),
(598, 'Bernadeth@a.c', 327, 36, '2009-08-18 11:14:16'),
(599, 'Bernadeth@a.c', 328, 36, '2009-08-18 11:14:26'),
(600, 'James@a.c', 188, 35, '2009-08-18 11:47:18'),
(601, 'James@a.c', 189, 35, '2009-08-18 11:47:21'),
(602, 'James@a.c', 190, 35, '2009-08-18 11:47:28'),
(603, 'James@a.c', 191, 35, '2009-08-18 11:47:38'),
(604, 'James@a.c', 192, 35, '2009-08-18 11:47:47'),
(605, 'James@a.c', 193, 35, '2009-08-18 11:47:55'),
(606, 'Bernadeth@a.c', 1004, 43, '2009-08-18 11:48:22'),
(607, 'Bernadeth@a.c', 1005, 43, '2009-08-18 11:48:34'),
(608, 'Amy@a.c', 961, 42, '2009-08-18 11:59:05'),
(609, 'Amy@a.c', 962, 42, '2009-08-18 11:59:12'),
(610, 'Amy@a.c', 951, 42, '2009-08-18 11:59:18'),
(611, 'Amy@a.c', 963, 42, '2009-08-18 11:59:24'),
(612, 'Amy@a.c', 964, 42, '2009-08-18 11:59:45'),
(613, 'Amy@a.c', 479, 38, '2009-08-18 12:08:23'),
(614, 'Amy@a.c', 481, 38, '2009-08-18 12:08:31'),
(615, 'Amy@a.c', 482, 38, '2009-08-18 12:08:38'),
(616, 'Albert@a.c', 483, 38, '2009-08-18 12:08:40'),
(617, 'Amy@a.c', 484, 38, '2009-08-18 12:08:49'),
(618, 'Amy@a.c', 485, 38, '2009-08-18 12:08:55'),
(619, 'Amy@a.c', 477, 38, '2009-08-18 12:08:59'),
(620, 'Amy@a.c', 486, 38, '2009-08-18 12:09:02'),
(621, 'Amy@a.c', 487, 38, '2009-08-18 12:09:06'),
(622, 'Amy@a.c', 308, 36, '2009-08-18 12:10:11'),
(623, 'Amy@a.c', 307, 36, '2009-08-18 12:10:13'),
(624, 'Amy@a.c', 309, 36, '2009-08-18 12:10:15'),
(625, 'Amy@a.c', 329, 36, '2009-08-18 12:10:26'),
(626, 'Amy@a.c', 315, 36, '2009-08-18 12:10:30'),
(627, 'Amy@a.c', 330, 36, '2009-08-18 12:10:40'),
(628, 'Amy@a.c', 311, 36, '2009-08-18 12:10:43'),
(629, 'Amy@a.c', 331, 36, '2009-08-18 12:10:48'),
(630, 'Amy@a.c', 332, 36, '2009-08-18 12:10:53'),
(631, 'Amy@a.c', 317, 36, '2009-08-18 12:10:55'),
(632, 'Amy@a.c', 323, 36, '2009-08-18 12:10:58'),
(633, 'Amy@a.c', 306, 36, '2009-08-18 12:11:03'),
(634, 'Amy@a.c', 715, 41, '2009-08-18 12:12:30'),
(635, 'Amy@a.c', 716, 41, '2009-08-18 12:12:31'),
(636, 'Amy@a.c', 717, 41, '2009-08-18 12:12:32'),
(637, 'Amy@a.c', 769, 41, '2009-08-18 12:12:35'),
(638, 'Amy@a.c', 770, 41, '2009-08-18 12:12:39'),
(639, 'Amy@a.c', 727, 41, '2009-08-18 12:12:40'),
(640, 'Amy@a.c', 732, 41, '2009-08-18 12:12:41'),
(641, 'Amy@a.c', 745, 41, '2009-08-18 12:12:43'),
(642, 'Amy@a.c', 771, 41, '2009-08-18 12:12:46'),
(643, 'Amy@a.c', 725, 41, '2009-08-18 12:12:47'),
(644, 'Amy@a.c', 772, 41, '2009-08-18 12:12:54'),
(645, 'Amy@a.c', 773, 41, '2009-08-18 12:12:58'),
(646, 'Amy@a.c', 766, 41, '2009-08-18 12:13:00'),
(647, 'Amy@a.c', 714, 41, '2009-08-18 12:13:03'),
(648, 'Amy@a.c', 722, 41, '2009-08-18 12:13:06'),
(649, 'Amy@a.c', 744, 41, '2009-08-18 12:13:07'),
(650, 'Amy@a.c', 774, 41, '2009-08-18 12:13:13'),
(651, 'Amy@a.c', 720, 41, '2009-08-18 12:13:15'),
(652, 'Amy@a.c', 752, 41, '2009-08-18 12:13:20'),
(653, 'Amy@a.c', 775, 41, '2009-08-18 12:13:28'),
(654, 'Amy@a.c', 1001, 43, '2009-08-18 12:13:36'),
(655, 'Amy@a.c', 668, 40, '2009-08-18 12:16:57'),
(656, 'Amy@a.c', 632, 40, '2009-08-18 12:17:04'),
(657, 'Amy@a.c', 669, 40, '2009-08-18 12:17:05'),
(658, 'Amy@a.c', 670, 40, '2009-08-18 12:17:07'),
(659, 'Amy@a.c', 661, 40, '2009-08-18 12:17:11'),
(660, 'Amy@a.c', 671, 40, '2009-08-18 12:17:25'),
(661, 'Amy@a.c', 672, 40, '2009-08-18 12:17:44'),
(662, 'Amy@a.c', 673, 40, '2009-08-18 12:17:50'),
(663, 'Amy@a.c', 674, 40, '2009-08-18 12:17:53'),
(664, 'Amy@a.c', 135, 35, '2009-08-18 12:22:09'),
(665, 'Amy@a.c', 134, 35, '2009-08-18 12:22:13'),
(666, 'Amy@a.c', 194, 35, '2009-08-18 12:22:17'),
(667, 'Amy@a.c', 195, 35, '2009-08-18 12:22:20'),
(668, 'Amy@a.c', 192, 35, '2009-08-18 12:22:21'),
(669, 'Amy@a.c', 196, 35, '2009-08-18 12:22:26'),
(670, 'Amy@a.c', 197, 35, '2009-08-18 12:22:31'),
(671, 'Amy@a.c', 198, 35, '2009-08-18 12:22:40'),
(672, 'Amy@a.c', 199, 35, '2009-08-18 12:22:46'),
(673, 'Amy@a.c', 200, 35, '2009-08-18 12:22:48'),
(674, 'Amy@a.c', 201, 35, '2009-08-18 12:22:53'),
(675, 'Amy@a.c', 202, 35, '2009-08-18 12:23:00'),
(676, 'Amy@a.c', 203, 35, '2009-08-18 12:23:05'),
(677, 'Amy@a.c', 776, 41, '2009-08-18 12:27:20'),
(678, 'Amy@a.c', 777, 41, '2009-08-18 12:27:23'),
(679, 'Amy@a.c', 778, 41, '2009-08-18 12:27:32'),
(680, 'Amy@a.c', 719, 41, '2009-08-18 12:27:32'),
(681, 'Amy@a.c', 333, 36, '2009-08-18 12:28:00'),
(682, 'Amy@a.c', 334, 36, '2009-08-18 12:28:02'),
(683, 'Amy@a.c', 335, 36, '2009-08-18 12:28:07'),
(684, 'Amy@a.c', 336, 36, '2009-08-18 12:28:24'),
(685, 'Amy@a.c', 337, 36, '2009-08-18 12:28:27'),
(686, 'Amy@a.c', 338, 36, '2009-08-18 12:28:29'),
(687, 'Amy@a.c', 339, 36, '2009-08-18 12:28:32'),
(688, 'Amy@a.c', 340, 36, '2009-08-18 12:28:35'),
(689, 'Amy@a.c', 341, 36, '2009-08-18 12:28:37'),
(690, 'Amy@a.c', 342, 36, '2009-08-18 12:28:39'),
(691, 'Amy@a.c', 343, 36, '2009-08-18 12:28:42'),
(692, 'Amy@a.c', 344, 36, '2009-08-18 12:28:44'),
(693, 'Amy@a.c', 779, 41, '2009-08-18 12:43:01'),
(694, 'Amy@a.c', 724, 41, '2009-08-18 12:43:04'),
(695, 'Amy@a.c', 780, 41, '2009-08-18 12:43:10'),
(696, 'Amy@a.c', 781, 41, '2009-08-18 12:43:11'),
(697, 'Amy@a.c', 782, 41, '2009-08-18 12:43:17'),
(698, 'Amy@a.c', 759, 41, '2009-08-18 12:43:21'),
(699, 'Amy@a.c', 783, 41, '2009-08-18 12:43:29'),
(700, 'Amy@a.c', 784, 41, '2009-08-18 12:43:38'),
(701, 'Amy@a.c', 785, 41, '2009-08-18 12:43:42'),
(702, 'Amy@a.c', 728, 41, '2009-08-18 12:43:44'),
(703, 'Howard@a.c', 407, 37, '2009-08-18 12:59:50'),
(704, 'Howard@a.c', 412, 37, '2009-08-18 12:59:56'),
(705, 'Howard@a.c', 413, 37, '2009-08-18 13:00:09'),
(706, 'Howard@a.c', 398, 37, '2009-08-18 13:00:28'),
(707, 'Isaac@a.c', 558, 39, '2009-08-18 13:56:19'),
(708, 'Isaac@a.c', 560, 39, '2009-08-18 13:56:22'),
(709, 'Isaac@a.c', 587, 39, '2009-08-18 13:56:28'),
(710, 'Howard@a.c', 562, 39, '2009-08-18 13:56:29'),
(711, 'Howard@a.c', 558, 39, '2009-08-18 13:56:31'),
(712, 'Howard@a.c', 570, 39, '2009-08-18 13:56:34'),
(713, 'Howard@a.c', 569, 39, '2009-08-18 13:56:37'),
(714, 'Howard@a.c', 572, 39, '2009-08-18 13:56:40'),
(715, 'Howard@a.c', 565, 39, '2009-08-18 13:56:46'),
(716, 'Isaac@a.c', 591, 39, '2009-08-18 13:56:50'),
(717, 'Howard@a.c', 561, 39, '2009-08-18 13:56:52'),
(718, 'Howard@a.c', 582, 39, '2009-08-18 13:57:07'),
(719, 'Isaac@a.c', 592, 39, '2009-08-18 13:57:08'),
(720, 'Howard@a.c', 579, 39, '2009-08-18 13:57:12'),
(721, 'Howard@a.c', 573, 39, '2009-08-18 13:57:16'),
(722, 'Howard@a.c', 786, 41, '2009-08-18 13:58:28'),
(723, 'Howard@a.c', 717, 41, '2009-08-18 13:58:30'),
(724, 'Howard@a.c', 713, 41, '2009-08-18 13:58:40'),
(725, 'Howard@a.c', 727, 41, '2009-08-18 13:58:43'),
(726, 'Bernadeth@a.c', 787, 41, '2009-08-18 13:58:44'),
(727, 'Howard@a.c', 769, 41, '2009-08-18 13:58:48'),
(728, 'Bernadeth@a.c', 788, 41, '2009-08-18 13:58:50'),
(729, 'Howard@a.c', 789, 41, '2009-08-18 13:58:58'),
(730, 'Bernadeth@a.c', 783, 41, '2009-08-18 13:59:00'),
(731, 'Howard@a.c', 716, 41, '2009-08-18 13:59:03'),
(732, 'Howard@a.c', 715, 41, '2009-08-18 13:59:04'),
(733, 'Bernadeth@a.c', 790, 41, '2009-08-18 13:59:06'),
(734, 'Bernadeth@a.c', 781, 41, '2009-08-18 13:59:08'),
(735, 'Howard@a.c', 720, 41, '2009-08-18 13:59:09'),
(736, 'Howard@a.c', 719, 41, '2009-08-18 13:59:12'),
(737, 'Bernadeth@a.c', 791, 41, '2009-08-18 13:59:20'),
(738, 'Howard@a.c', 792, 41, '2009-08-18 13:59:22'),
(739, 'Bernadeth@a.c', 771, 41, '2009-08-18 13:59:24'),
(740, 'Bernadeth@a.c', 793, 41, '2009-08-18 13:59:34'),
(741, 'Bernadeth@a.c', 794, 41, '2009-08-18 13:59:37'),
(742, 'Howard@a.c', 345, 36, '2009-08-18 14:01:45'),
(743, 'Howard@a.c', 309, 36, '2009-08-18 14:01:48'),
(744, 'Bernadeth@a.c', 346, 36, '2009-08-18 14:01:53'),
(745, 'Howard@a.c', 310, 36, '2009-08-18 14:01:56'),
(746, 'Amy@a.c', 795, 41, '2009-08-18 14:01:56'),
(747, 'Amy@a.c', 796, 41, '2009-08-18 14:01:58'),
(748, 'Amy@a.c', 797, 41, '2009-08-18 14:02:00'),
(749, 'Amy@a.c', 798, 41, '2009-08-18 14:02:02'),
(750, 'Amy@a.c', 799, 41, '2009-08-18 14:02:05'),
(751, 'Amy@a.c', 800, 41, '2009-08-18 14:02:06'),
(752, 'Amy@a.c', 733, 41, '2009-08-18 14:02:09'),
(753, 'Amy@a.c', 801, 41, '2009-08-18 14:02:14'),
(754, 'Amy@a.c', 729, 41, '2009-08-18 14:02:16'),
(755, 'Amy@a.c', 802, 41, '2009-08-18 14:02:20'),
(756, 'Amy@a.c', 803, 41, '2009-08-18 14:02:22'),
(757, 'Howard@a.c', 756, 41, '2009-08-18 14:02:23'),
(758, 'Amy@a.c', 804, 41, '2009-08-18 14:02:24'),
(759, 'Howard@a.c', 746, 41, '2009-08-18 14:02:27'),
(760, 'Bernadeth@a.c', 307, 36, '2009-08-18 14:02:28'),
(761, 'Amy@a.c', 805, 41, '2009-08-18 14:02:28'),
(762, 'Amy@a.c', 806, 41, '2009-08-18 14:02:30'),
(763, 'Amy@a.c', 807, 41, '2009-08-18 14:02:33'),
(764, 'Amy@a.c', 808, 41, '2009-08-18 14:02:35'),
(765, 'Howard@a.c', 809, 41, '2009-08-18 14:02:36'),
(766, 'Amy@a.c', 810, 41, '2009-08-18 14:02:37'),
(767, 'Amy@a.c', 811, 41, '2009-08-18 14:02:39'),
(768, 'Amy@a.c', 812, 41, '2009-08-18 14:02:40'),
(769, 'Bernadeth@a.c', 813, 41, '2009-08-18 14:02:55'),
(770, 'Bernadeth@a.c', 814, 41, '2009-08-18 14:03:01'),
(771, 'Bernadeth@a.c', 815, 41, '2009-08-18 14:03:05'),
(772, 'Bernadeth@a.c', 816, 41, '2009-08-18 14:03:10'),
(773, 'Howard@a.c', 748, 41, '2009-08-18 14:03:11'),
(774, 'Bernadeth@a.c', 817, 41, '2009-08-18 14:03:15'),
(775, 'Bernadeth@a.c', 818, 41, '2009-08-18 14:03:18'),
(776, 'Bernadeth@a.c', 819, 41, '2009-08-18 14:03:28'),
(777, 'Larry@a.c', 558, 39, '2009-08-18 14:04:47'),
(778, 'Larry@a.c', 593, 39, '2009-08-18 14:04:56'),
(779, 'Larry@a.c', 594, 39, '2009-08-18 14:05:17'),
(780, 'Larry@a.c', 569, 39, '2009-08-18 14:05:34'),
(781, 'Amy@a.c', 414, 37, '2009-08-18 14:09:40'),
(782, 'Larry@a.c', 400, 37, '2009-08-18 14:09:41'),
(783, 'Amy@a.c', 415, 37, '2009-08-18 14:09:44'),
(784, 'Amy@a.c', 408, 37, '2009-08-18 14:09:47'),
(785, 'Larry@a.c', 416, 37, '2009-08-18 14:09:49'),
(786, 'Amy@a.c', 409, 37, '2009-08-18 14:09:50'),
(787, 'Amy@a.c', 412, 37, '2009-08-18 14:09:56'),
(788, 'Amy@a.c', 417, 37, '2009-08-18 14:10:01'),
(789, 'Larry@a.c', 409, 37, '2009-08-18 14:10:04'),
(790, 'Amy@a.c', 418, 37, '2009-08-18 14:10:06'),
(791, 'Amy@a.c', 397, 37, '2009-08-18 14:10:12'),
(792, 'Larry@a.c', 419, 37, '2009-08-18 14:10:15'),
(793, 'Larry@a.c', 347, 36, '2009-08-18 14:12:02'),
(794, 'Larry@a.c', 315, 36, '2009-08-18 14:12:08'),
(795, 'Larry@a.c', 348, 36, '2009-08-18 14:12:16'),
(796, 'Larry@a.c', 349, 36, '2009-08-18 14:12:25'),
(797, 'Larry@a.c', 309, 36, '2009-08-18 14:12:32'),
(798, 'Howard@a.c', 308, 36, '2009-08-18 14:12:40'),
(799, 'Larry@a.c', 311, 36, '2009-08-18 14:12:43'),
(800, 'Howard@a.c', 307, 36, '2009-08-18 14:12:47'),
(801, 'Howard@a.c', 311, 36, '2009-08-18 14:12:54'),
(802, 'Howard@a.c', 315, 36, '2009-08-18 14:13:05'),
(803, 'Howard@a.c', 306, 36, '2009-08-18 14:13:14'),
(804, 'Howard@a.c', 317, 36, '2009-08-18 14:13:20'),
(805, 'Howard@a.c', 314, 36, '2009-08-18 14:13:24'),
(806, 'Larry@a.c', 1006, 43, '2009-08-18 14:21:23'),
(807, 'Larry@a.c', 1007, 43, '2009-08-18 14:21:29'),
(808, 'Larry@a.c', 1008, 43, '2009-08-18 14:21:32'),
(809, 'Larry@a.c', 1009, 43, '2009-08-18 14:21:37'),
(810, 'Amy@a.c', 1010, 43, '2009-08-18 14:21:46'),
(811, 'Howard@a.c', 1002, 43, '2009-08-18 14:21:47'),
(812, 'Howard@a.c', 1001, 43, '2009-08-18 14:21:55'),
(813, 'Howard@a.c', 1000, 43, '2009-08-18 14:22:04'),
(814, 'Howard@a.c', 1011, 43, '2009-08-18 14:22:13'),
(815, 'Howard@a.c', 1012, 43, '2009-08-18 14:22:24'),
(816, 'Howard@a.c', 1003, 43, '2009-08-18 14:22:33'),
(817, 'Howard@a.c', 950, 42, '2009-08-18 14:32:52'),
(818, 'Howard@a.c', 965, 42, '2009-08-18 14:33:01'),
(819, 'James@a.c', 966, 42, '2009-08-18 14:33:08'),
(820, 'Howard@a.c', 954, 42, '2009-08-18 14:33:15'),
(821, 'Howard@a.c', 956, 42, '2009-08-18 14:33:24'),
(822, 'James@a.c', 967, 42, '2009-08-18 14:33:26'),
(823, 'Monica@a.c', 669, 40, '2009-08-18 15:21:41'),
(824, 'Monica@a.c', 647, 40, '2009-08-18 15:21:55'),
(825, 'Monica@a.c', 675, 40, '2009-08-18 15:22:09'),
(826, 'Monica@a.c', 676, 40, '2009-08-18 15:22:14'),
(827, 'Monica@a.c', 663, 40, '2009-08-18 15:22:17'),
(828, 'Amy@a.c', 677, 40, '2009-08-18 15:22:19'),
(829, 'Monica@a.c', 678, 40, '2009-08-18 15:22:21'),
(830, 'Amy@a.c', 679, 40, '2009-08-18 15:22:23'),
(831, 'Amy@a.c', 680, 40, '2009-08-18 15:22:25'),
(832, 'Monica@a.c', 681, 40, '2009-08-18 15:22:27'),
(833, 'Amy@a.c', 682, 40, '2009-08-18 15:22:28'),
(834, 'Amy@a.c', 683, 40, '2009-08-18 15:22:31'),
(835, 'Amy@a.c', 684, 40, '2009-08-18 15:22:37'),
(836, 'Amy@a.c', 685, 40, '2009-08-18 15:22:39'),
(837, 'Amy@a.c', 686, 40, '2009-08-18 15:22:44'),
(838, 'Amy@a.c', 687, 40, '2009-08-18 15:22:50'),
(839, 'Amy@a.c', 688, 40, '2009-08-18 15:22:52'),
(840, 'Amy@a.c', 689, 40, '2009-08-18 15:22:55'),
(841, 'Monica@a.c', 1001, 43, '2009-08-18 15:24:37'),
(842, 'Monica@a.c', 1013, 43, '2009-08-18 15:24:46'),
(843, 'Monica@a.c', 1012, 43, '2009-08-18 15:24:54'),
(844, 'Monica@a.c', 1014, 43, '2009-08-18 15:25:00'),
(845, 'Monica@a.c', 1015, 43, '2009-08-18 15:25:12'),
(846, 'Amy@a.c', 1016, 43, '2009-08-18 15:25:15'),
(847, 'Amy@a.c', 1008, 43, '2009-08-18 15:25:16'),
(848, 'Amy@a.c', 1017, 43, '2009-08-18 15:25:21'),
(849, 'Amy@a.c', 1018, 43, '2009-08-18 15:25:24'),
(850, 'Monica@a.c', 1019, 43, '2009-08-18 15:25:24'),
(851, 'Amy@a.c', 1020, 43, '2009-08-18 15:25:27'),
(852, 'Amy@a.c', 1012, 43, '2009-08-18 15:25:28'),
(853, 'Amy@a.c', 1005, 43, '2009-08-18 15:25:34'),
(854, 'Amy@a.c', 1021, 43, '2009-08-18 15:25:39'),
(855, 'Amy@a.c', 1022, 43, '2009-08-18 15:25:43'),
(856, 'Amy@a.c', 1003, 43, '2009-08-18 15:25:48'),
(857, 'Amy@a.c', 1023, 43, '2009-08-18 15:25:52'),
(858, 'Amy@a.c', 1024, 43, '2009-08-18 15:25:58'),
(859, 'Amy@a.c', 1025, 43, '2009-08-18 15:26:01'),
(860, 'Sheldon@a.c', 716, 41, '2009-08-18 15:34:26'),
(861, 'Sheldon@a.c', 715, 41, '2009-08-18 15:34:30'),
(862, 'Sheldon@a.c', 714, 41, '2009-08-18 15:34:35'),
(863, 'Sheldon@a.c', 723, 41, '2009-08-18 15:34:36'),
(864, 'Sheldon@a.c', 733, 41, '2009-08-18 15:34:38'),
(865, 'Sheldon@a.c', 820, 41, '2009-08-18 15:34:49'),
(866, 'Sheldon@a.c', 721, 41, '2009-08-18 15:34:52'),
(867, 'Sheldon@a.c', 807, 41, '2009-08-18 15:34:54'),
(868, 'Amy@a.c', 789, 41, '2009-08-18 15:34:58'),
(869, 'Sheldon@a.c', 821, 41, '2009-08-18 15:35:01'),
(870, 'Amy@a.c', 822, 41, '2009-08-18 15:35:01'),
(871, 'Amy@a.c', 823, 41, '2009-08-18 15:35:02'),
(872, 'Amy@a.c', 824, 41, '2009-08-18 15:35:05'),
(873, 'Amy@a.c', 825, 41, '2009-08-18 15:35:06'),
(874, 'Sheldon@a.c', 717, 41, '2009-08-18 15:35:06'),
(875, 'Amy@a.c', 826, 41, '2009-08-18 15:35:08'),
(876, 'Amy@a.c', 827, 41, '2009-08-18 15:35:10'),
(877, 'Amy@a.c', 828, 41, '2009-08-18 15:35:13'),
(878, 'Amy@a.c', 829, 41, '2009-08-18 15:35:15'),
(879, 'Sheldon@a.c', 725, 41, '2009-08-18 15:35:18'),
(880, 'Amy@a.c', 830, 41, '2009-08-18 15:35:19'),
(881, 'Amy@a.c', 831, 41, '2009-08-18 15:35:21'),
(882, 'Amy@a.c', 832, 41, '2009-08-18 15:35:22'),
(883, 'Amy@a.c', 833, 41, '2009-08-18 15:35:25'),
(884, 'Amy@a.c', 834, 41, '2009-08-18 15:35:27'),
(885, 'Amy@a.c', 835, 41, '2009-08-18 15:35:29'),
(886, 'Amy@a.c', 836, 41, '2009-08-18 15:35:31'),
(887, 'Amy@a.c', 741, 41, '2009-08-18 15:35:32'),
(888, 'Amy@a.c', 837, 41, '2009-08-18 15:35:35'),
(889, 'Amy@a.c', 838, 41, '2009-08-18 15:35:38'),
(890, 'Amy@a.c', 839, 41, '2009-08-18 15:35:40'),
(891, 'Amy@a.c', 840, 41, '2009-08-18 15:35:43'),
(892, 'Amy@a.c', 841, 41, '2009-08-18 15:35:45'),
(893, 'Amy@a.c', 713, 41, '2009-08-18 15:35:46'),
(894, 'Monica@a.c', 842, 41, '2009-08-18 15:42:42'),
(895, 'Monica@a.c', 715, 41, '2009-08-18 15:42:50'),
(896, 'Monica@a.c', 717, 41, '2009-08-18 15:42:52'),
(897, 'Monica@a.c', 727, 41, '2009-08-18 15:42:54'),
(898, 'Monica@a.c', 732, 41, '2009-08-18 15:42:55'),
(899, 'Monica@a.c', 739, 41, '2009-08-18 15:42:57'),
(900, 'Monica@a.c', 721, 41, '2009-08-18 15:43:01'),
(901, 'Monica@a.c', 722, 41, '2009-08-18 15:43:02'),
(902, 'Monica@a.c', 716, 41, '2009-08-18 15:43:03'),
(903, 'Monica@a.c', 714, 41, '2009-08-18 15:43:06'),
(904, 'Monica@a.c', 775, 41, '2009-08-18 15:43:11'),
(905, 'Monica@a.c', 720, 41, '2009-08-18 15:43:13'),
(906, 'Monica@a.c', 750, 41, '2009-08-18 15:43:16'),
(907, 'Monica@a.c', 751, 41, '2009-08-18 15:43:18'),
(908, 'Monica@a.c', 726, 41, '2009-08-18 15:43:19'),
(909, 'Monica@a.c', 762, 41, '2009-08-18 15:43:29'),
(910, 'Monica@a.c', 746, 41, '2009-08-18 15:43:30'),
(911, 'Monica@a.c', 756, 41, '2009-08-18 15:43:32'),
(912, 'Monica@a.c', 757, 41, '2009-08-18 15:43:33'),
(913, 'Monica@a.c', 690, 40, '2009-08-18 16:05:21'),
(914, 'Monica@a.c', 691, 40, '2009-08-18 16:05:51'),
(915, 'Monica@a.c', 488, 38, '2009-08-18 16:15:51'),
(916, 'Monica@a.c', 489, 38, '2009-08-18 16:16:04'),
(917, 'Monica@a.c', 479, 38, '2009-08-18 16:16:19'),
(918, 'Monica@a.c', 490, 38, '2009-08-18 16:16:31'),
(919, 'Daniel@a.c', 633, 40, '2009-08-18 16:36:41'),
(920, 'Daniel@a.c', 637, 40, '2009-08-18 16:37:10'),
(921, 'Daniel@a.c', 636, 40, '2009-08-18 16:37:20'),
(922, 'Daniel@a.c', 1001, 43, '2009-08-18 16:39:57'),
(923, 'Howard@a.c', 595, 39, '2009-08-18 16:40:27'),
(924, 'Daniel@a.c', 596, 39, '2009-08-18 16:40:37'),
(925, 'Daniel@a.c', 561, 39, '2009-08-18 16:40:46'),
(926, 'Daniel@a.c', 579, 39, '2009-08-18 16:40:49'),
(927, 'Daniel@a.c', 556, 39, '2009-08-18 16:40:54'),
(928, 'Daniel@a.c', 560, 39, '2009-08-18 16:41:11'),
(929, 'Howard@a.c', 481, 38, '2009-08-18 16:52:54'),
(930, 'Howard@a.c', 491, 38, '2009-08-18 16:52:59'),
(931, 'Bernadeth@a.c', 492, 38, '2009-08-18 16:53:12'),
(932, 'Bernadeth@a.c', 493, 38, '2009-08-18 16:53:20'),
(933, 'Bernadeth@a.c', 494, 38, '2009-08-18 16:53:26'),
(934, 'Bernadeth@a.c', 495, 38, '2009-08-18 16:53:59'),
(935, 'Howard@a.c', 1026, 43, '2009-08-18 16:58:09'),
(936, 'Howard@a.c', 1027, 43, '2009-08-18 16:58:13'),
(937, 'Howard@a.c', 1028, 43, '2009-08-18 16:58:15'),
(938, 'Howard@a.c', 1029, 43, '2009-08-18 16:58:26'),
(939, 'Howard@a.c', 1030, 43, '2009-08-18 16:58:30'),
(940, 'Bernadeth@a.c', 204, 35, '2009-08-18 17:03:58'),
(941, 'Bernadeth@a.c', 205, 35, '2009-08-18 17:04:02'),
(942, 'Bernadeth@a.c', 206, 35, '2009-08-18 17:04:08'),
(943, 'Bernadeth@a.c', 207, 35, '2009-08-18 17:04:13'),
(944, 'Bernadeth@a.c', 208, 35, '2009-08-18 17:04:17'),
(945, 'Howard@a.c', 192, 35, '2009-08-18 17:04:24'),
(946, 'Howard@a.c', 134, 35, '2009-08-18 17:04:25'),
(947, 'Howard@a.c', 135, 35, '2009-08-18 17:04:27'),
(948, 'Howard@a.c', 153, 35, '2009-08-18 17:04:30'),
(949, 'Howard@a.c', 147, 35, '2009-08-18 17:04:34'),
(950, 'Howard@a.c', 145, 35, '2009-08-18 17:04:36'),
(951, 'Howard@a.c', 173, 35, '2009-08-18 17:04:38'),
(952, 'Howard@a.c', 177, 35, '2009-08-18 17:04:53'),
(953, 'Howard@a.c', 162, 35, '2009-08-18 17:05:08'),
(954, 'Howard@a.c', 750, 41, '2009-08-18 17:15:52'),
(955, 'Howard@a.c', 843, 41, '2009-08-18 17:15:57'),
(956, 'Howard@a.c', 758, 41, '2009-08-18 17:16:01'),
(957, 'Howard@a.c', 751, 41, '2009-08-18 17:16:05'),
(958, 'Howard@a.c', 844, 41, '2009-08-18 17:16:12'),
(959, 'Howard@a.c', 845, 41, '2009-08-18 17:16:16'),
(960, 'Howard@a.c', 846, 41, '2009-08-18 17:16:20'),
(961, 'Howard@a.c', 735, 41, '2009-08-18 17:16:22'),
(962, 'Howard@a.c', 813, 41, '2009-08-18 17:16:29'),
(963, 'Bernadeth@a.c', 847, 41, '2009-08-18 17:16:31'),
(964, 'Bernadeth@a.c', 761, 41, '2009-08-18 17:16:32'),
(965, 'Howard@a.c', 788, 41, '2009-08-18 17:16:35'),
(966, 'Bernadeth@a.c', 848, 41, '2009-08-18 17:16:40'),
(967, 'Bernadeth@a.c', 849, 41, '2009-08-18 17:16:50'),
(968, 'Bernadeth@a.c', 850, 41, '2009-08-18 17:16:55'),
(969, 'Bernadeth@a.c', 784, 41, '2009-08-18 17:17:00'),
(970, 'Bernadeth@a.c', 851, 41, '2009-08-18 17:17:10'),
(971, 'Howard@a.c', 653, 40, '2009-08-18 17:22:15'),
(972, 'Howard@a.c', 632, 40, '2009-08-18 17:22:22'),
(973, 'Howard@a.c', 637, 40, '2009-08-18 17:22:33'),
(974, 'Howard@a.c', 692, 40, '2009-08-18 17:22:52'),
(975, 'Howard@a.c', 693, 40, '2009-08-18 17:23:05'),
(976, 'Bernadeth@a.c', 1012, 43, '2009-08-18 17:27:39'),
(977, 'Bernadeth@a.c', 1031, 43, '2009-08-18 17:27:45'),
(978, 'Bernadeth@a.c', 1032, 43, '2009-08-18 17:27:49'),
(979, 'Bernadeth@a.c', 1006, 43, '2009-08-18 17:27:52'),
(980, 'Howard@a.c', 1033, 43, '2009-08-18 17:28:59'),
(981, 'Howard@a.c', 1024, 43, '2009-08-18 17:29:12'),
(982, 'Howard@a.c', 1009, 43, '2009-08-18 17:29:19'),
(983, 'Howard@a.c', 397, 37, '2009-08-18 17:39:23'),
(984, 'Howard@a.c', 420, 37, '2009-08-18 17:39:31'),
(985, 'Howard@a.c', 410, 37, '2009-08-18 17:39:36'),
(986, 'Howard@a.c', 405, 37, '2009-08-18 17:39:43'),
(987, 'Howard@a.c', 395, 37, '2009-08-18 17:39:50'),
(988, 'Howard@a.c', 597, 39, '2009-08-18 18:01:43'),
(989, 'Howard@a.c', 598, 39, '2009-08-18 18:02:03'),
(990, 'Howard@a.c', 557, 39, '2009-08-18 18:18:08'),
(991, 'Howard@a.c', 591, 39, '2009-08-18 18:18:18'),
(992, 'Howard@a.c', 577, 39, '2009-08-18 18:18:36'),
(993, 'Howard@a.c', 599, 39, '2009-08-18 18:18:56'),
(994, 'Howard@a.c', 578, 39, '2009-08-18 18:18:59'),
(995, 'Howard@a.c', 350, 36, '2009-08-18 18:43:25'),
(996, 'Zak@a.c', 351, 36, '2009-08-18 18:43:29'),
(997, 'Howard@a.c', 352, 36, '2009-08-18 18:43:35'),
(998, 'Howard@a.c', 353, 36, '2009-08-18 18:43:42');
INSERT INTO `itemsmentions` (`ID`, `userID`, `itemID`, `topicID`, `time`) VALUES
(999, 'Howard@a.c', 354, 36, '2009-08-18 18:43:49'),
(1000, 'Zak@a.c', 323, 36, '2009-08-18 18:43:56'),
(1001, 'Howard@a.c', 355, 36, '2009-08-18 18:43:56'),
(1002, 'Howard@a.c', 356, 36, '2009-08-18 18:44:02'),
(1003, 'Howard@a.c', 357, 36, '2009-08-18 18:44:07'),
(1004, 'Zak@a.c', 746, 41, '2009-08-18 18:44:09'),
(1005, 'Howard@a.c', 358, 36, '2009-08-18 18:44:14'),
(1006, 'Howard@a.c', 359, 36, '2009-08-18 18:44:19'),
(1007, 'Zak@a.c', 748, 41, '2009-08-18 18:44:19'),
(1008, 'Howard@a.c', 745, 41, '2009-08-18 18:44:24'),
(1009, 'Howard@a.c', 725, 41, '2009-08-18 18:44:30'),
(1010, 'Howard@a.c', 770, 41, '2009-08-18 18:44:33'),
(1011, 'Zak@a.c', 732, 41, '2009-08-18 18:44:43'),
(1012, 'Zak@a.c', 727, 41, '2009-08-18 18:44:48'),
(1013, 'Howard@a.c', 794, 41, '2009-08-18 18:44:58'),
(1014, 'Howard@a.c', 793, 41, '2009-08-18 18:45:00'),
(1015, 'Zak@a.c', 852, 41, '2009-08-18 18:45:01'),
(1016, 'Howard@a.c', 853, 41, '2009-08-18 18:45:05'),
(1017, 'Howard@a.c', 854, 41, '2009-08-18 18:45:09'),
(1018, 'Howard@a.c', 742, 41, '2009-08-18 18:45:09'),
(1019, 'Howard@a.c', 721, 41, '2009-08-18 18:45:20'),
(1020, 'Zak@a.c', 800, 41, '2009-08-18 18:46:29'),
(1021, 'Zak@a.c', 855, 41, '2009-08-18 18:46:35'),
(1022, 'Zak@a.c', 725, 41, '2009-08-18 18:46:38'),
(1023, 'Howard@a.c', 856, 41, '2009-08-18 18:46:43'),
(1024, 'Zak@a.c', 755, 41, '2009-08-18 18:46:43'),
(1025, 'Zak@a.c', 794, 41, '2009-08-18 18:46:53'),
(1026, 'Howard@a.c', 730, 41, '2009-08-18 18:46:56'),
(1027, 'Zak@a.c', 818, 41, '2009-08-18 18:46:58'),
(1028, 'Zak@a.c', 827, 41, '2009-08-18 18:47:02'),
(1029, 'Zak@a.c', 360, 36, '2009-08-18 18:47:41'),
(1030, 'Zak@a.c', 361, 36, '2009-08-18 18:47:46'),
(1031, 'Zak@a.c', 362, 36, '2009-08-18 18:47:51'),
(1032, 'Zak@a.c', 315, 36, '2009-08-18 18:48:06'),
(1033, 'Howard@a.c', 363, 36, '2009-08-18 18:48:49'),
(1034, 'Howard@a.c', 364, 36, '2009-08-18 18:48:56'),
(1035, 'Howard@a.c', 361, 36, '2009-08-18 18:49:02'),
(1036, 'Howard@a.c', 365, 36, '2009-08-18 18:49:10'),
(1037, 'Howard@a.c', 366, 36, '2009-08-18 18:49:11'),
(1038, 'Zak@a.c', 857, 41, '2009-08-18 18:51:40'),
(1039, 'Zak@a.c', 756, 41, '2009-08-18 18:51:44'),
(1040, 'Zak@a.c', 858, 41, '2009-08-18 18:51:51'),
(1041, 'Zak@a.c', 843, 41, '2009-08-18 18:51:54'),
(1042, 'Zak@a.c', 803, 41, '2009-08-18 18:51:57'),
(1043, 'Zak@a.c', 859, 41, '2009-08-18 18:52:02'),
(1044, 'Zak@a.c', 742, 41, '2009-08-18 18:52:09'),
(1045, 'Zak@a.c', 751, 41, '2009-08-18 18:52:12'),
(1046, 'Zak@a.c', 771, 41, '2009-08-18 18:52:15'),
(1047, 'Zak@a.c', 860, 41, '2009-08-18 18:52:20'),
(1048, 'Zak@a.c', 861, 41, '2009-08-18 18:52:25'),
(1049, 'Zak@a.c', 862, 41, '2009-08-18 18:52:28'),
(1050, 'Howard@a.c', 755, 41, '2009-08-18 18:52:40'),
(1051, 'Howard@a.c', 863, 41, '2009-08-18 18:52:42'),
(1052, 'Howard@a.c', 726, 41, '2009-08-18 18:52:45'),
(1053, 'Howard@a.c', 739, 41, '2009-08-18 18:52:50'),
(1054, 'Howard@a.c', 864, 41, '2009-08-18 18:53:06'),
(1055, 'Howard@a.c', 855, 41, '2009-08-18 18:53:11'),
(1056, 'Howard@a.c', 752, 41, '2009-08-18 18:53:12'),
(1057, 'Howard@a.c', 764, 41, '2009-08-18 18:53:14'),
(1058, 'Howard@a.c', 968, 42, '2009-08-18 18:56:01'),
(1059, 'Howard@a.c', 969, 42, '2009-08-18 18:56:20'),
(1060, 'Howard@a.c', 970, 42, '2009-08-18 18:56:35'),
(1061, 'Zak@a.c', 421, 37, '2009-08-18 19:37:26'),
(1062, 'Zak@a.c', 422, 37, '2009-08-18 19:37:34'),
(1063, 'Zak@a.c', 423, 37, '2009-08-18 19:37:55'),
(1064, 'Zak@a.c', 424, 37, '2009-08-18 19:38:09'),
(1065, 'Zak@a.c', 484, 38, '2009-08-18 19:38:25'),
(1066, 'Zak@a.c', 479, 38, '2009-08-18 19:38:29'),
(1067, 'Zak@a.c', 496, 38, '2009-08-18 19:38:46'),
(1068, 'Zak@a.c', 480, 38, '2009-08-18 19:39:08'),
(1069, 'Zak@a.c', 497, 38, '2009-08-18 19:39:15'),
(1070, 'Zak@a.c', 498, 38, '2009-08-18 19:41:29'),
(1071, 'Zak@a.c', 499, 38, '2009-08-18 19:41:39'),
(1072, 'Zak@a.c', 500, 38, '2009-08-18 19:41:43'),
(1073, 'Zak@a.c', 501, 38, '2009-08-18 19:41:47'),
(1074, 'Zak@a.c', 502, 38, '2009-08-18 19:41:51'),
(1075, 'Zak@a.c', 503, 38, '2009-08-18 19:42:00'),
(1076, 'Zak@a.c', 504, 38, '2009-08-18 19:42:03'),
(1077, 'Zak@a.c', 505, 38, '2009-08-18 19:42:09'),
(1078, 'Zak@a.c', 506, 38, '2009-08-18 19:42:21'),
(1079, 'Bernadeth@a.c', 507, 38, '2009-08-18 21:27:24'),
(1080, 'Bernadeth@a.c', 508, 38, '2009-08-18 21:27:35'),
(1081, 'Bernadeth@a.c', 509, 38, '2009-08-18 21:27:43'),
(1082, 'Zak@a.c', 209, 35, '2009-08-18 21:46:12'),
(1083, 'Zak@a.c', 210, 35, '2009-08-18 21:46:16'),
(1084, 'Zak@a.c', 211, 35, '2009-08-18 21:46:26'),
(1085, 'Zak@a.c', 212, 35, '2009-08-18 21:46:30'),
(1086, 'Bernadeth@a.c', 425, 37, '2009-08-18 22:45:45'),
(1087, 'Bernadeth@a.c', 426, 37, '2009-08-18 22:45:55'),
(1088, 'Bernadeth@a.c', 407, 37, '2009-08-18 22:46:07'),
(1089, 'Bernadeth@a.c', 427, 37, '2009-08-18 22:46:27'),
(1090, 'Bernadeth@a.c', 971, 42, '2009-08-19 07:16:12'),
(1091, 'Bernadeth@a.c', 1009, 43, '2009-08-19 07:28:53'),
(1092, 'Bernadeth@a.c', 1008, 43, '2009-08-19 07:29:07'),
(1093, 'Howard@a.c', 972, 42, '2009-08-19 07:49:23'),
(1094, 'Howard@a.c', 691, 40, '2009-08-19 07:52:36'),
(1095, 'Howard@a.c', 651, 40, '2009-08-19 07:52:38'),
(1096, 'Howard@a.c', 865, 41, '2009-08-19 08:04:46'),
(1097, 'Howard@a.c', 823, 41, '2009-08-19 08:04:46'),
(1098, 'Howard@a.c', 857, 41, '2009-08-19 08:04:53'),
(1099, 'Howard@a.c', 784, 41, '2009-08-19 08:05:01'),
(1100, 'Howard@a.c', 803, 41, '2009-08-19 08:05:07'),
(1101, 'Howard@a.c', 866, 41, '2009-08-19 08:05:16'),
(1102, 'Howard@a.c', 860, 41, '2009-08-19 08:05:21'),
(1103, 'Bernadeth@a.c', 367, 36, '2009-08-19 09:16:46'),
(1104, 'Isaac@a.c', 145, 35, '2009-08-19 10:12:44'),
(1105, 'Isaac@a.c', 173, 35, '2009-08-19 10:12:56'),
(1106, 'Isaac@a.c', 213, 35, '2009-08-19 10:13:02'),
(1107, 'Isaac@a.c', 214, 35, '2009-08-19 10:13:17'),
(1108, 'Isaac@a.c', 162, 35, '2009-08-19 10:13:22'),
(1109, 'Isaac@a.c', 215, 35, '2009-08-19 10:13:40'),
(1110, 'Larry@a.c', 715, 41, '2009-08-19 10:17:57'),
(1111, 'Larry@a.c', 725, 41, '2009-08-19 10:18:03'),
(1112, 'Larry@a.c', 716, 41, '2009-08-19 10:18:08'),
(1113, 'Larry@a.c', 770, 41, '2009-08-19 10:18:14'),
(1114, 'Larry@a.c', 712, 41, '2009-08-19 10:18:34'),
(1115, 'Larry@a.c', 717, 41, '2009-08-19 10:18:40'),
(1116, 'Monica@a.c', 428, 37, '2009-08-19 11:08:27'),
(1117, 'Monica@a.c', 429, 37, '2009-08-19 11:08:36'),
(1118, 'Monica@a.c', 430, 37, '2009-08-19 11:08:50'),
(1119, 'Monica@a.c', 431, 37, '2009-08-19 11:09:03'),
(1120, 'Monica@a.c', 426, 37, '2009-08-19 11:09:09'),
(1121, 'Leonard@a.c', 309, 36, '2009-08-19 13:31:04'),
(1122, 'Leonard@a.c', 315, 36, '2009-08-19 13:31:07'),
(1123, 'Leonard@a.c', 307, 36, '2009-08-19 13:31:12'),
(1124, 'Leonard@a.c', 308, 36, '2009-08-19 13:31:16'),
(1125, 'Leonard@a.c', 311, 36, '2009-08-19 13:31:21'),
(1126, 'Howard@a.c', 368, 36, '2009-08-19 13:31:24'),
(1127, 'Leonard@a.c', 318, 36, '2009-08-19 13:31:25'),
(1128, 'Leonard@a.c', 323, 36, '2009-08-19 13:31:30'),
(1129, 'Leonard@a.c', 317, 36, '2009-08-19 13:31:35'),
(1130, 'Leonard@a.c', 369, 36, '2009-08-19 13:31:40'),
(1131, 'Leonard@a.c', 362, 36, '2009-08-19 13:31:43'),
(1132, 'Howard@a.c', 312, 36, '2009-08-19 13:31:44'),
(1133, 'Leonard@a.c', 306, 36, '2009-08-19 13:31:48'),
(1134, 'Howard@a.c', 328, 36, '2009-08-19 13:31:52'),
(1135, 'Howard@a.c', 322, 36, '2009-08-19 13:32:08'),
(1136, 'Howard@a.c', 318, 36, '2009-08-19 13:32:17'),
(1137, 'Leonard@a.c', 1034, 43, '2009-08-19 13:32:51'),
(1138, 'Leonard@a.c', 1035, 43, '2009-08-19 13:32:56'),
(1139, 'Leonard@a.c', 1036, 43, '2009-08-19 13:33:01'),
(1140, 'Leonard@a.c', 1037, 43, '2009-08-19 13:33:05'),
(1141, 'Monica@a.c', 499, 38, '2009-08-19 13:43:07'),
(1142, 'Howard@a.c', 510, 38, '2009-08-19 13:43:09'),
(1143, 'Howard@a.c', 511, 38, '2009-08-19 13:43:17'),
(1144, 'Howard@a.c', 512, 38, '2009-08-19 13:43:28'),
(1145, 'Howard@a.c', 484, 38, '2009-08-19 13:43:33'),
(1146, 'Howard@a.c', 492, 38, '2009-08-19 13:43:39'),
(1147, 'Howard@a.c', 509, 38, '2009-08-19 13:43:55'),
(1148, 'Howard@a.c', 150, 35, '2009-08-19 13:54:31'),
(1149, 'Howard@a.c', 151, 35, '2009-08-19 13:54:37'),
(1150, 'Howard@a.c', 168, 35, '2009-08-19 13:54:41'),
(1151, 'Howard@a.c', 152, 35, '2009-08-19 13:54:48'),
(1152, 'Howard@a.c', 216, 35, '2009-08-19 13:54:58'),
(1153, 'Howard@a.c', 217, 35, '2009-08-19 13:55:12'),
(1154, 'Howard@a.c', 218, 35, '2009-08-19 13:55:21'),
(1155, 'Howard@a.c', 499, 38, '2009-08-19 14:12:06'),
(1156, 'Howard@a.c', 513, 38, '2009-08-19 14:12:16'),
(1157, 'Bernadeth@a.c', 484, 38, '2009-08-19 14:12:23'),
(1158, 'Howard@a.c', 514, 38, '2009-08-19 14:12:28'),
(1159, 'Howard@a.c', 515, 38, '2009-08-19 14:12:44'),
(1160, 'Howard@a.c', 432, 37, '2009-08-19 14:13:06'),
(1161, 'Howard@a.c', 399, 37, '2009-08-19 14:13:14'),
(1162, 'Howard@a.c', 433, 37, '2009-08-19 14:13:29'),
(1163, 'Howard@a.c', 434, 37, '2009-08-19 14:13:35'),
(1164, 'Howard@a.c', 435, 37, '2009-08-19 14:13:41'),
(1165, 'Bernadeth@a.c', 436, 37, '2009-08-19 14:13:57'),
(1166, 'Bernadeth@a.c', 437, 37, '2009-08-19 14:14:09'),
(1167, 'Bernadeth@a.c', 420, 37, '2009-08-19 14:14:26'),
(1168, 'Howard@a.c', 973, 42, '2009-08-19 14:21:03'),
(1169, 'Howard@a.c', 974, 42, '2009-08-19 14:21:09'),
(1170, 'Monica@a.c', 975, 42, '2009-08-19 14:21:30'),
(1171, 'Howard@a.c', 976, 42, '2009-08-19 14:21:35'),
(1172, 'Howard@a.c', 971, 42, '2009-08-19 14:21:38'),
(1173, 'Howard@a.c', 977, 42, '2009-08-19 14:21:51'),
(1174, 'Monica@a.c', 600, 39, '2009-08-19 14:36:40'),
(1175, 'Monica@a.c', 601, 39, '2009-08-19 14:36:50'),
(1176, 'Monica@a.c', 602, 39, '2009-08-19 14:36:53'),
(1177, 'Monica@a.c', 603, 39, '2009-08-19 14:36:57'),
(1178, 'Monica@a.c', 604, 39, '2009-08-19 14:37:05'),
(1179, 'Monica@a.c', 605, 39, '2009-08-19 14:37:13'),
(1180, 'Monica@a.c', 606, 39, '2009-08-19 14:37:15'),
(1181, 'Monica@a.c', 607, 39, '2009-08-19 14:37:19'),
(1182, 'Monica@a.c', 572, 39, '2009-08-19 14:37:25'),
(1183, 'Leonard@a.c', 438, 37, '2009-08-19 16:25:45'),
(1184, 'Leonard@a.c', 439, 37, '2009-08-19 16:25:56'),
(1185, 'Leonard@a.c', 408, 37, '2009-08-19 16:26:00'),
(1186, 'Leonard@a.c', 440, 37, '2009-08-19 16:26:11'),
(1187, 'Leonard@a.c', 441, 37, '2009-08-19 16:26:17'),
(1188, 'Leonard@a.c', 407, 37, '2009-08-19 16:26:29'),
(1189, 'Leonard@a.c', 670, 40, '2009-08-19 16:26:42'),
(1190, 'Leonard@a.c', 637, 40, '2009-08-19 16:26:56'),
(1191, 'Leonard@a.c', 694, 40, '2009-08-19 16:27:07'),
(1192, 'Leonard@a.c', 632, 40, '2009-08-19 16:27:13'),
(1193, 'Leonard@a.c', 516, 38, '2009-08-19 16:36:54'),
(1194, 'Jack@a.c', 517, 38, '2009-08-19 16:37:06'),
(1195, 'Leonard@a.c', 518, 38, '2009-08-19 16:37:09'),
(1196, 'Leonard@a.c', 477, 38, '2009-08-19 16:37:21'),
(1197, 'Jack@a.c', 495, 38, '2009-08-19 16:37:31'),
(1198, 'Amy@a.c', 519, 38, '2009-08-19 16:37:32'),
(1199, 'Leonard@a.c', 520, 38, '2009-08-19 16:37:37'),
(1200, 'Amy@a.c', 521, 38, '2009-08-19 16:37:41'),
(1201, 'Amy@a.c', 522, 38, '2009-08-19 16:37:47'),
(1202, 'Leonard@a.c', 510, 38, '2009-08-19 16:37:48'),
(1203, 'Amy@a.c', 523, 38, '2009-08-19 16:37:54'),
(1204, 'Amy@a.c', 491, 38, '2009-08-19 16:38:04'),
(1205, 'Amy@a.c', 1038, 43, '2009-08-19 16:41:50'),
(1206, 'Amy@a.c', 1039, 43, '2009-08-19 16:41:59'),
(1207, 'Amy@a.c', 1031, 43, '2009-08-19 16:42:07'),
(1208, 'Amy@a.c', 1040, 43, '2009-08-19 16:42:11'),
(1209, 'Amy@a.c', 1041, 43, '2009-08-19 16:42:15'),
(1210, 'Amy@a.c', 1002, 43, '2009-08-19 16:42:21'),
(1211, 'Amy@a.c', 1009, 43, '2009-08-19 16:42:24'),
(1212, 'Amy@a.c', 1042, 43, '2009-08-19 16:42:28'),
(1213, 'Amy@a.c', 1043, 43, '2009-08-19 16:42:32'),
(1214, 'Howard@a.c', 652, 40, '2009-08-19 17:09:43'),
(1215, 'Howard@a.c', 634, 40, '2009-08-19 17:09:52'),
(1216, 'Howard@a.c', 633, 40, '2009-08-19 17:09:59'),
(1217, 'Howard@a.c', 636, 40, '2009-08-19 17:10:06'),
(1218, 'Howard@a.c', 666, 40, '2009-08-19 17:10:16'),
(1219, 'Howard@a.c', 867, 41, '2009-08-19 17:10:46'),
(1220, 'Howard@a.c', 868, 41, '2009-08-19 17:10:50'),
(1221, 'Howard@a.c', 819, 41, '2009-08-19 17:10:59'),
(1222, 'Howard@a.c', 787, 41, '2009-08-19 17:11:22'),
(1223, 'Howard@a.c', 762, 41, '2009-08-19 17:11:31'),
(1224, 'Howard@a.c', 608, 39, '2009-08-19 17:20:46'),
(1225, 'Howard@a.c', 574, 39, '2009-08-19 17:21:07'),
(1226, 'Howard@a.c', 609, 39, '2009-08-19 17:21:15'),
(1227, 'Howard@a.c', 580, 39, '2009-08-19 17:21:19'),
(1228, 'Howard@a.c', 610, 39, '2009-08-19 17:21:30'),
(1229, 'Howard@a.c', 611, 39, '2009-08-19 17:21:36'),
(1230, 'Bernadeth@a.c', 612, 39, '2009-08-19 17:22:15'),
(1231, 'Bernadeth@a.c', 581, 39, '2009-08-19 17:22:26'),
(1232, 'Howard@a.c', 1044, 43, '2009-08-19 17:28:04'),
(1233, 'Howard@a.c', 1045, 43, '2009-08-19 17:28:12'),
(1234, 'Howard@a.c', 1046, 43, '2009-08-19 17:28:15'),
(1235, 'Albert@a.c', 524, 38, '2009-08-19 18:25:01'),
(1236, 'Albert@a.c', 525, 38, '2009-08-19 18:25:26'),
(1237, 'Albert@a.c', 526, 38, '2009-08-19 18:25:45'),
(1238, 'Bernadeth@a.c', 869, 41, '2009-08-19 21:02:25'),
(1239, 'Bernadeth@a.c', 870, 41, '2009-08-19 21:02:39'),
(1240, 'Bernadeth@a.c', 857, 41, '2009-08-19 21:02:43'),
(1241, 'Bernadeth@a.c', 871, 41, '2009-08-19 21:02:53'),
(1242, 'Bernadeth@a.c', 872, 41, '2009-08-19 21:02:59'),
(1243, 'Bernadeth@a.c', 873, 41, '2009-08-19 21:03:04'),
(1244, 'Bernadeth@a.c', 874, 41, '2009-08-19 21:03:09'),
(1245, 'Zak@a.c', 676, 40, '2009-08-19 23:23:12'),
(1246, 'Zak@a.c', 695, 40, '2009-08-19 23:23:26'),
(1247, 'Zak@a.c', 442, 37, '2009-08-19 23:27:10'),
(1248, 'Zak@a.c', 438, 37, '2009-08-19 23:27:46'),
(1249, 'Zak@a.c', 443, 37, '2009-08-19 23:33:11'),
(1250, 'Zak@a.c', 429, 37, '2009-08-19 23:33:16'),
(1251, 'Zak@a.c', 444, 37, '2009-08-19 23:33:22'),
(1252, 'Zak@a.c', 445, 37, '2009-08-19 23:33:28'),
(1253, 'Zak@a.c', 446, 37, '2009-08-19 23:33:36'),
(1254, 'Zak@a.c', 432, 37, '2009-08-19 23:33:46'),
(1255, 'Zak@a.c', 439, 37, '2009-08-19 23:33:53'),
(1256, 'Zak@a.c', 613, 39, '2009-08-19 23:36:32'),
(1257, 'Leonard@a.c', 310, 36, '2009-08-20 10:13:27'),
(1258, 'Leonard@a.c', 370, 36, '2009-08-20 10:13:33'),
(1259, 'Leonard@a.c', 371, 36, '2009-08-20 10:13:47'),
(1260, 'Leonard@a.c', 372, 36, '2009-08-20 10:14:12'),
(1261, 'Penny@a.c', 308, 36, '2009-08-20 10:28:02'),
(1262, 'Penny@a.c', 315, 36, '2009-08-20 10:28:06'),
(1263, 'Penny@a.c', 318, 36, '2009-08-20 10:28:10'),
(1264, 'Penny@a.c', 306, 36, '2009-08-20 10:28:21'),
(1265, 'Penny@a.c', 307, 36, '2009-08-20 10:28:22'),
(1266, 'Penny@a.c', 311, 36, '2009-08-20 10:28:30'),
(1267, 'Penny@a.c', 362, 36, '2009-08-20 10:28:35'),
(1268, 'Penny@a.c', 373, 36, '2009-08-20 10:28:44'),
(1269, 'Penny@a.c', 305, 36, '2009-08-20 10:28:51'),
(1270, 'Penny@a.c', 323, 36, '2009-08-20 10:28:56'),
(1271, 'Penny@a.c', 135, 35, '2009-08-20 10:49:09'),
(1272, 'Penny@a.c', 144, 35, '2009-08-20 10:49:12'),
(1273, 'Penny@a.c', 163, 35, '2009-08-20 10:49:16'),
(1274, 'Penny@a.c', 219, 35, '2009-08-20 10:49:21'),
(1275, 'Penny@a.c', 162, 35, '2009-08-20 10:49:23'),
(1276, 'Penny@a.c', 134, 35, '2009-08-20 10:49:35'),
(1277, 'Penny@a.c', 220, 35, '2009-08-20 10:49:48'),
(1278, 'Penny@a.c', 221, 35, '2009-08-20 10:49:55'),
(1279, 'Eric@a.c', 653, 40, '2009-08-20 11:08:19'),
(1280, 'Eric@a.c', 637, 40, '2009-08-20 11:08:24'),
(1281, 'Eric@a.c', 632, 40, '2009-08-20 11:08:29'),
(1282, 'Eric@a.c', 633, 40, '2009-08-20 11:08:35'),
(1283, 'Eric@a.c', 696, 40, '2009-08-20 11:08:56'),
(1284, 'Eric@a.c', 636, 40, '2009-08-20 11:09:01'),
(1285, 'Larry@a.c', 581, 39, '2009-08-20 11:16:14'),
(1286, 'Eric@a.c', 560, 39, '2009-08-20 11:16:22'),
(1287, 'Eric@a.c', 557, 39, '2009-08-20 11:16:27'),
(1288, 'Larry@a.c', 614, 39, '2009-08-20 11:16:30'),
(1289, 'Eric@a.c', 573, 39, '2009-08-20 11:16:34'),
(1290, 'Eric@a.c', 581, 39, '2009-08-20 11:16:39'),
(1291, 'Eric@a.c', 615, 39, '2009-08-20 11:16:49'),
(1292, 'Eric@a.c', 565, 39, '2009-08-20 11:17:05'),
(1293, 'Eric@a.c', 409, 37, '2009-08-20 11:25:12'),
(1294, 'Eric@a.c', 447, 37, '2009-08-20 11:25:28'),
(1295, 'Eric@a.c', 448, 37, '2009-08-20 11:25:51'),
(1296, 'Eric@a.c', 697, 40, '2009-08-20 11:28:26'),
(1297, 'Eric@a.c', 479, 38, '2009-08-20 11:35:20'),
(1298, 'Eric@a.c', 485, 38, '2009-08-20 11:35:27'),
(1299, 'Eric@a.c', 527, 38, '2009-08-20 11:35:41'),
(1300, 'Eric@a.c', 507, 38, '2009-08-20 11:35:55'),
(1301, 'Eric@a.c', 1001, 43, '2009-08-20 11:37:23'),
(1302, 'Eric@a.c', 1002, 43, '2009-08-20 11:37:30'),
(1303, 'Eric@a.c', 745, 41, '2009-08-20 11:49:41'),
(1304, 'Eric@a.c', 875, 41, '2009-08-20 11:49:44'),
(1305, 'Eric@a.c', 726, 41, '2009-08-20 11:49:46'),
(1306, 'Eric@a.c', 712, 41, '2009-08-20 11:49:52'),
(1307, 'Eric@a.c', 756, 41, '2009-08-20 11:49:57'),
(1308, 'Eric@a.c', 788, 41, '2009-08-20 11:49:59'),
(1309, 'Eric@a.c', 789, 41, '2009-08-20 11:50:18'),
(1310, 'Eric@a.c', 770, 41, '2009-08-20 11:50:36'),
(1311, 'Penny@a.c', 374, 36, '2009-08-20 13:00:54'),
(1312, 'Penny@a.c', 375, 36, '2009-08-20 13:00:59'),
(1313, 'Penny@a.c', 376, 36, '2009-08-20 13:01:06'),
(1314, 'Penny@a.c', 309, 36, '2009-08-20 13:01:08'),
(1315, 'Howard@a.c', 876, 41, '2009-08-20 13:06:17'),
(1316, 'Howard@a.c', 732, 41, '2009-08-20 13:06:24'),
(1317, 'Eric@a.c', 743, 41, '2009-08-20 13:06:29'),
(1318, 'Howard@a.c', 877, 41, '2009-08-20 13:06:35'),
(1319, 'Howard@a.c', 878, 41, '2009-08-20 13:06:39'),
(1320, 'Eric@a.c', 879, 41, '2009-08-20 13:06:40'),
(1321, 'Bernadeth@a.c', 880, 41, '2009-08-20 13:06:43'),
(1322, 'Bernadeth@a.c', 881, 41, '2009-08-20 13:06:49'),
(1323, 'Howard@a.c', 882, 41, '2009-08-20 13:06:55'),
(1324, 'Bernadeth@a.c', 883, 41, '2009-08-20 13:06:58'),
(1325, 'Eric@a.c', 884, 41, '2009-08-20 13:07:00'),
(1326, 'Bernadeth@a.c', 885, 41, '2009-08-20 13:07:05'),
(1327, 'Bernadeth@a.c', 886, 41, '2009-08-20 13:07:09'),
(1328, 'Eric@a.c', 870, 41, '2009-08-20 13:07:16'),
(1329, 'Bernadeth@a.c', 833, 41, '2009-08-20 13:07:18'),
(1330, 'Bernadeth@a.c', 802, 41, '2009-08-20 13:07:24'),
(1331, 'Eric@a.c', 528, 38, '2009-08-20 13:08:05'),
(1332, 'Eric@a.c', 498, 38, '2009-08-20 13:14:59'),
(1333, 'Eric@a.c', 529, 38, '2009-08-20 13:15:13'),
(1334, 'Eric@a.c', 530, 38, '2009-08-20 13:15:27'),
(1335, 'Leonard@a.c', 580, 39, '2009-08-20 13:27:47'),
(1336, 'Leonard@a.c', 581, 39, '2009-08-20 13:27:47'),
(1337, 'Eric@a.c', 579, 39, '2009-08-20 13:27:47'),
(1338, 'Leonard@a.c', 561, 39, '2009-08-20 13:27:49'),
(1339, 'Leonard@a.c', 616, 39, '2009-08-20 13:27:52'),
(1340, 'Penny@a.c', 222, 35, '2009-08-20 13:36:28'),
(1341, 'Penny@a.c', 223, 35, '2009-08-20 13:36:31'),
(1342, 'Penny@a.c', 167, 35, '2009-08-20 13:36:35'),
(1343, 'Penny@a.c', 192, 35, '2009-08-20 13:36:39'),
(1344, 'Penny@a.c', 224, 35, '2009-08-20 13:36:52'),
(1345, 'Penny@a.c', 159, 35, '2009-08-20 13:36:57'),
(1346, 'Penny@a.c', 225, 35, '2009-08-20 13:37:12'),
(1347, 'Eric@a.c', 531, 38, '2009-08-20 13:42:11'),
(1348, 'Eric@a.c', 532, 38, '2009-08-20 13:42:30'),
(1349, 'Eric@a.c', 533, 38, '2009-08-20 13:42:41'),
(1350, 'Penny@a.c', 377, 36, '2009-08-20 13:45:50'),
(1351, 'Penny@a.c', 312, 36, '2009-08-20 13:46:02'),
(1352, 'Penny@a.c', 319, 36, '2009-08-20 13:46:09'),
(1353, 'Mike@a.c', 308, 36, '2009-08-20 13:46:24'),
(1354, 'Mike@a.c', 318, 36, '2009-08-20 13:46:34'),
(1355, 'Mike@a.c', 315, 36, '2009-08-20 13:46:41'),
(1356, 'Mike@a.c', 378, 36, '2009-08-20 13:47:02'),
(1357, 'Mike@a.c', 379, 36, '2009-08-20 13:47:15'),
(1358, 'Mike@a.c', 134, 35, '2009-08-20 13:50:37'),
(1359, 'Penny@a.c', 155, 35, '2009-08-20 13:50:40'),
(1360, 'Mike@a.c', 226, 35, '2009-08-20 13:50:48'),
(1361, 'Penny@a.c', 157, 35, '2009-08-20 13:50:49'),
(1362, 'Mike@a.c', 227, 35, '2009-08-20 13:51:01'),
(1363, 'Mike@a.c', 162, 35, '2009-08-20 13:51:19'),
(1364, 'Penny@a.c', 380, 36, '2009-08-20 13:51:22'),
(1365, 'Mike@a.c', 307, 36, '2009-08-20 13:51:33'),
(1366, 'Penny@a.c', 381, 36, '2009-08-20 13:51:35'),
(1367, 'Mike@a.c', 305, 36, '2009-08-20 13:51:39'),
(1368, 'Penny@a.c', 382, 36, '2009-08-20 13:51:52'),
(1369, 'Eric@a.c', 504, 38, '2009-08-20 13:53:49'),
(1370, 'Amy@a.c', 534, 38, '2009-08-20 13:53:55'),
(1371, 'Eric@a.c', 535, 38, '2009-08-20 13:54:14'),
(1372, 'Amy@a.c', 518, 38, '2009-08-20 13:54:15'),
(1373, 'Amy@a.c', 536, 38, '2009-08-20 13:54:27'),
(1374, 'Amy@a.c', 511, 38, '2009-08-20 13:54:33'),
(1375, 'Penny@a.c', 383, 36, '2009-08-20 14:27:26'),
(1376, 'Penny@a.c', 384, 36, '2009-08-20 14:28:08'),
(1377, 'Eric@a.c', 558, 39, '2009-08-20 14:30:39'),
(1378, 'Eric@a.c', 617, 39, '2009-08-20 14:30:51'),
(1379, 'Eric@a.c', 570, 39, '2009-08-20 14:31:05'),
(1380, 'Eric@a.c', 603, 39, '2009-08-20 14:31:17'),
(1381, 'Jack@a.c', 585, 39, '2009-08-20 14:37:04'),
(1382, 'Eric@a.c', 572, 39, '2009-08-20 14:37:12'),
(1383, 'Jack@a.c', 618, 39, '2009-08-20 14:37:12'),
(1384, 'Jack@a.c', 587, 39, '2009-08-20 14:37:15'),
(1385, 'Jack@a.c', 607, 39, '2009-08-20 14:37:24'),
(1386, 'Eric@a.c', 587, 39, '2009-08-20 14:37:29'),
(1387, 'Amy@a.c', 557, 39, '2009-08-20 14:37:49'),
(1388, 'Amy@a.c', 561, 39, '2009-08-20 14:37:59'),
(1389, 'Amy@a.c', 585, 39, '2009-08-20 14:38:03'),
(1390, 'Amy@a.c', 587, 39, '2009-08-20 14:38:06'),
(1391, 'Amy@a.c', 565, 39, '2009-08-20 14:38:09'),
(1392, 'Amy@a.c', 558, 39, '2009-08-20 14:38:20'),
(1393, 'Amy@a.c', 556, 39, '2009-08-20 14:38:21'),
(1394, 'Amy@a.c', 569, 39, '2009-08-20 14:38:23'),
(1395, 'Amy@a.c', 619, 39, '2009-08-20 14:38:25'),
(1396, 'Amy@a.c', 617, 39, '2009-08-20 14:38:30'),
(1397, 'Zak@a.c', 491, 38, '2009-08-20 15:18:59'),
(1398, 'Howard@a.c', 508, 38, '2009-08-20 15:19:01'),
(1399, 'Zak@a.c', 537, 38, '2009-08-20 15:19:14'),
(1400, 'Zak@a.c', 538, 38, '2009-08-20 15:19:18'),
(1401, 'Amy@a.c', 539, 38, '2009-08-20 15:19:21'),
(1402, 'Zak@a.c', 511, 38, '2009-08-20 15:19:22'),
(1403, 'Zak@a.c', 540, 38, '2009-08-20 15:19:36'),
(1404, 'Amy@a.c', 541, 38, '2009-08-20 15:19:38'),
(1405, 'Amy@a.c', 542, 38, '2009-08-20 15:19:40'),
(1406, 'Amy@a.c', 543, 38, '2009-08-20 15:19:43'),
(1407, 'Zak@a.c', 544, 38, '2009-08-20 15:19:45'),
(1408, 'Zak@a.c', 228, 35, '2009-08-20 15:20:09'),
(1409, 'Zak@a.c', 229, 35, '2009-08-20 15:20:18'),
(1410, 'Zak@a.c', 230, 35, '2009-08-20 15:20:25'),
(1411, 'Penny@a.c', 231, 35, '2009-08-20 15:20:28'),
(1412, 'Zak@a.c', 232, 35, '2009-08-20 15:20:34'),
(1413, 'Penny@a.c', 233, 35, '2009-08-20 15:20:34'),
(1414, 'Howard@a.c', 234, 35, '2009-08-20 15:20:54'),
(1415, 'Amy@a.c', 235, 35, '2009-08-20 15:20:56'),
(1416, 'Penny@a.c', 182, 35, '2009-08-20 15:20:57'),
(1417, 'Amy@a.c', 236, 35, '2009-08-20 15:20:59'),
(1418, 'Penny@a.c', 181, 35, '2009-08-20 15:21:02'),
(1419, 'Howard@a.c', 176, 35, '2009-08-20 15:21:02'),
(1420, 'Amy@a.c', 237, 35, '2009-08-20 15:21:02'),
(1421, 'Howard@a.c', 238, 35, '2009-08-20 15:21:03'),
(1422, 'Howard@a.c', 239, 35, '2009-08-20 15:21:05'),
(1423, 'Amy@a.c', 240, 35, '2009-08-20 15:21:07'),
(1424, 'Amy@a.c', 230, 35, '2009-08-20 15:21:07'),
(1425, 'Howard@a.c', 241, 35, '2009-08-20 15:21:11'),
(1426, 'Howard@a.c', 209, 35, '2009-08-20 15:21:11'),
(1427, 'Amy@a.c', 242, 35, '2009-08-20 15:21:11'),
(1428, 'Howard@a.c', 164, 35, '2009-08-20 15:21:14'),
(1429, 'Amy@a.c', 243, 35, '2009-08-20 15:21:17'),
(1430, 'Amy@a.c', 244, 35, '2009-08-20 15:21:17'),
(1431, 'Howard@a.c', 157, 35, '2009-08-20 15:21:17'),
(1432, 'Amy@a.c', 245, 35, '2009-08-20 15:21:20'),
(1433, 'Amy@a.c', 246, 35, '2009-08-20 15:21:22'),
(1434, 'Amy@a.c', 248, 35, '2009-08-20 15:21:25'),
(1435, 'Amy@a.c', 247, 35, '2009-08-20 15:21:24'),
(1436, 'Howard@a.c', 249, 35, '2009-08-20 15:21:25'),
(1437, 'Howard@a.c', 155, 35, '2009-08-20 15:21:25'),
(1438, 'Amy@a.c', 250, 35, '2009-08-20 15:21:31'),
(1439, 'Amy@a.c', 251, 35, '2009-08-20 15:21:38'),
(1440, 'Amy@a.c', 252, 35, '2009-08-20 15:21:38'),
(1441, 'Howard@a.c', 156, 35, '2009-08-20 15:21:38'),
(1442, 'Amy@a.c', 254, 35, '2009-08-20 15:21:40'),
(1443, 'Amy@a.c', 233, 35, '2009-08-20 15:21:41'),
(1444, 'Howard@a.c', 253, 35, '2009-08-20 15:21:41'),
(1445, 'Amy@a.c', 255, 35, '2009-08-20 15:21:48'),
(1446, 'Zak@a.c', 222, 35, '2009-08-20 15:22:22'),
(1447, 'Zak@a.c', 181, 35, '2009-08-20 15:22:28'),
(1448, 'Zak@a.c', 182, 35, '2009-08-20 15:22:34'),
(1449, 'Zak@a.c', 256, 35, '2009-08-20 15:22:42'),
(1450, 'Amy@a.c', 257, 35, '2009-08-20 15:22:51'),
(1451, 'Zak@a.c', 258, 35, '2009-08-20 15:22:52'),
(1452, 'Zak@a.c', 259, 35, '2009-08-20 15:22:56'),
(1453, 'Amy@a.c', 260, 35, '2009-08-20 15:23:02'),
(1454, 'Amy@a.c', 261, 35, '2009-08-20 15:23:04'),
(1455, 'Penny@a.c', 262, 35, '2009-08-20 15:23:06'),
(1456, 'Amy@a.c', 263, 35, '2009-08-20 15:23:09'),
(1457, 'Amy@a.c', 264, 35, '2009-08-20 15:23:14'),
(1458, 'Penny@a.c', 265, 35, '2009-08-20 15:23:14'),
(1459, 'Amy@a.c', 266, 35, '2009-08-20 15:23:16'),
(1460, 'Amy@a.c', 153, 35, '2009-08-20 15:23:17'),
(1461, 'Howard@a.c', 229, 35, '2009-08-20 15:23:17'),
(1462, 'Amy@a.c', 267, 35, '2009-08-20 15:23:22'),
(1463, 'Amy@a.c', 268, 35, '2009-08-20 15:23:22'),
(1464, 'Penny@a.c', 269, 35, '2009-08-20 15:23:23'),
(1465, 'Amy@a.c', 270, 35, '2009-08-20 15:23:28'),
(1466, 'Amy@a.c', 271, 35, '2009-08-20 15:23:28'),
(1467, 'Amy@a.c', 272, 35, '2009-08-20 15:23:29'),
(1468, 'Penny@a.c', 145, 35, '2009-08-20 15:23:32'),
(1469, 'Amy@a.c', 273, 35, '2009-08-20 15:23:33'),
(1470, 'Amy@a.c', 183, 35, '2009-08-20 15:23:33'),
(1471, 'Amy@a.c', 274, 35, '2009-08-20 15:23:38'),
(1472, 'Amy@a.c', 275, 35, '2009-08-20 15:23:39'),
(1473, 'Penny@a.c', 276, 35, '2009-08-20 15:23:43'),
(1474, 'Amy@a.c', 166, 35, '2009-08-20 15:23:44'),
(1475, 'Amy@a.c', 277, 35, '2009-08-20 15:23:44'),
(1476, 'Amy@a.c', 278, 35, '2009-08-20 15:23:49'),
(1477, 'Zak@a.c', 485, 38, '2009-08-20 15:25:00'),
(1478, 'Zak@a.c', 530, 38, '2009-08-20 15:25:12'),
(1479, 'Zak@a.c', 426, 37, '2009-08-20 15:29:54'),
(1480, 'Zak@a.c', 398, 37, '2009-08-20 15:30:05'),
(1481, 'Eric@a.c', 449, 37, '2009-08-20 15:30:05'),
(1482, 'Zak@a.c', 415, 37, '2009-08-20 15:30:09'),
(1483, 'Eric@a.c', 438, 37, '2009-08-20 15:30:11'),
(1484, 'Zak@a.c', 450, 37, '2009-08-20 15:30:14'),
(1485, 'Zak@a.c', 451, 37, '2009-08-20 15:30:18'),
(1486, 'Zak@a.c', 452, 37, '2009-08-20 15:30:28'),
(1487, 'Eric@a.c', 453, 37, '2009-08-20 15:30:31'),
(1488, 'Eric@a.c', 405, 37, '2009-08-20 15:30:43'),
(1489, 'Zak@a.c', 385, 36, '2009-08-20 15:32:16'),
(1490, 'Penny@a.c', 351, 36, '2009-08-20 15:33:01'),
(1491, 'Eric@a.c', 647, 40, '2009-08-20 15:48:08'),
(1492, 'Eric@a.c', 545, 38, '2009-08-20 16:11:59'),
(1493, 'Eric@a.c', 481, 38, '2009-08-20 16:12:10'),
(1494, 'Eric@a.c', 546, 38, '2009-08-20 16:12:22'),
(1495, 'Eric@a.c', 607, 39, '2009-08-20 16:15:09'),
(1496, 'Eric@a.c', 454, 37, '2009-08-20 16:22:15'),
(1497, 'Howard@a.c', 455, 37, '2009-08-20 16:23:17'),
(1498, 'Howard@a.c', 456, 37, '2009-08-20 16:23:45'),
(1499, 'Eric@a.c', 664, 40, '2009-08-20 16:31:32'),
(1500, 'Howard@a.c', 698, 40, '2009-08-20 16:31:43'),
(1501, 'Howard@a.c', 660, 40, '2009-08-20 16:32:02'),
(1502, 'Eric@a.c', 563, 39, '2009-08-20 16:42:00'),
(1503, 'Eric@a.c', 547, 38, '2009-08-20 16:44:38'),
(1504, 'Howard@a.c', 548, 38, '2009-08-20 16:45:20'),
(1505, 'Howard@a.c', 549, 38, '2009-08-20 16:45:35'),
(1506, 'Penny@a.c', 386, 36, '2009-08-20 16:45:39'),
(1507, 'Jack@a.c', 317, 36, '2009-08-20 16:45:43'),
(1508, 'Jack@a.c', 351, 36, '2009-08-20 16:45:48'),
(1509, 'Jack@a.c', 309, 36, '2009-08-20 16:45:53'),
(1510, 'Jack@a.c', 308, 36, '2009-08-20 16:45:57'),
(1511, 'Jack@a.c', 315, 36, '2009-08-20 16:46:03'),
(1512, 'Jack@a.c', 323, 36, '2009-08-20 16:46:07'),
(1513, 'Jack@a.c', 318, 36, '2009-08-20 16:46:10'),
(1514, 'Jack@a.c', 305, 36, '2009-08-20 16:46:14'),
(1515, 'Jack@a.c', 311, 36, '2009-08-20 16:46:18'),
(1516, 'Jack@a.c', 387, 36, '2009-08-20 16:46:24'),
(1517, 'Jack@a.c', 388, 36, '2009-08-20 16:46:32'),
(1518, 'Eric@a.c', 732, 41, '2009-08-20 16:51:19'),
(1519, 'Eric@a.c', 727, 41, '2009-08-20 16:51:21'),
(1520, 'Eric@a.c', 728, 41, '2009-08-20 16:51:30'),
(1521, 'Eric@a.c', 808, 41, '2009-08-20 16:51:34'),
(1522, 'Eric@a.c', 713, 41, '2009-08-20 16:51:38'),
(1523, 'Eric@a.c', 800, 41, '2009-08-20 16:51:47'),
(1524, 'Jack@a.c', 749, 41, '2009-08-20 16:52:02'),
(1525, 'Eric@a.c', 751, 41, '2009-08-20 16:52:06'),
(1526, 'Jack@a.c', 887, 41, '2009-08-20 16:52:33'),
(1527, 'Eric@a.c', 888, 41, '2009-08-20 16:54:34'),
(1528, 'Eric@a.c', 778, 41, '2009-08-20 16:54:47'),
(1529, 'Eric@a.c', 843, 41, '2009-08-20 16:54:49'),
(1530, 'Howard@a.c', 889, 41, '2009-08-20 16:55:00'),
(1531, 'Eric@a.c', 719, 41, '2009-08-20 16:55:00'),
(1532, 'Howard@a.c', 890, 41, '2009-08-20 16:55:04'),
(1533, 'Eric@a.c', 784, 41, '2009-08-20 16:55:05'),
(1534, 'Howard@a.c', 796, 41, '2009-08-20 16:55:05'),
(1535, 'Howard@a.c', 891, 41, '2009-08-20 16:55:12'),
(1536, 'Eric@a.c', 892, 41, '2009-08-20 16:55:15'),
(1537, 'Howard@a.c', 893, 41, '2009-08-20 16:55:24'),
(1538, 'Howard@a.c', 894, 41, '2009-08-20 16:55:28'),
(1539, 'Howard@a.c', 895, 41, '2009-08-20 16:55:31'),
(1540, 'Howard@a.c', 896, 41, '2009-08-20 16:55:34'),
(1541, 'Howard@a.c', 897, 41, '2009-08-20 16:55:39'),
(1542, 'Penny@a.c', 176, 35, '2009-08-20 16:58:26'),
(1543, 'Howard@a.c', 182, 35, '2009-08-20 16:59:05'),
(1544, 'Howard@a.c', 181, 35, '2009-08-20 16:59:07'),
(1545, 'Howard@a.c', 269, 35, '2009-08-20 16:59:10'),
(1546, 'Howard@a.c', 279, 35, '2009-08-20 16:59:16'),
(1547, 'Howard@a.c', 280, 35, '2009-08-20 16:59:19'),
(1548, 'Howard@a.c', 196, 35, '2009-08-20 16:59:19'),
(1549, 'Howard@a.c', 281, 35, '2009-08-20 16:59:38'),
(1550, 'Howard@a.c', 199, 35, '2009-08-20 16:59:41'),
(1551, 'Daniel@a.c', 898, 41, '2009-08-20 17:14:08'),
(1552, 'Daniel@a.c', 899, 41, '2009-08-20 17:14:24'),
(1553, 'Daniel@a.c', 900, 41, '2009-08-20 17:14:33'),
(1554, 'Howard@a.c', 901, 41, '2009-08-20 17:14:39'),
(1555, 'Howard@a.c', 902, 41, '2009-08-20 17:14:46'),
(1556, 'Howard@a.c', 903, 41, '2009-08-20 17:14:46'),
(1557, 'Howard@a.c', 824, 41, '2009-08-20 17:14:49'),
(1558, 'Howard@a.c', 904, 41, '2009-08-20 17:14:58'),
(1559, 'Howard@a.c', 905, 41, '2009-08-20 17:15:01'),
(1560, 'Howard@a.c', 906, 41, '2009-08-20 17:15:04'),
(1561, 'Howard@a.c', 907, 41, '2009-08-20 17:15:08'),
(1562, 'Howard@a.c', 908, 41, '2009-08-20 17:15:11'),
(1563, 'Howard@a.c', 909, 41, '2009-08-20 17:19:53'),
(1564, 'Howard@a.c', 910, 41, '2009-08-20 17:19:56'),
(1565, 'Howard@a.c', 911, 41, '2009-08-20 17:19:59'),
(1566, 'Howard@a.c', 912, 41, '2009-08-20 17:20:17'),
(1567, 'Howard@a.c', 913, 41, '2009-08-20 17:20:24'),
(1568, 'Howard@a.c', 620, 39, '2009-08-20 19:39:03'),
(1569, 'Howard@a.c', 602, 39, '2009-08-20 19:39:08'),
(1570, 'Howard@a.c', 603, 39, '2009-08-20 19:39:14'),
(1571, 'Howard@a.c', 585, 39, '2009-08-20 19:39:21'),
(1572, 'Howard@a.c', 621, 39, '2009-08-20 19:39:29'),
(1573, 'Howard@a.c', 587, 39, '2009-08-20 19:39:35'),
(1574, 'Howard@a.c', 618, 39, '2009-08-20 19:39:38'),
(1575, 'Howard@a.c', 948, 42, '2009-08-20 20:11:49'),
(1576, 'Howard@a.c', 978, 42, '2009-08-20 20:11:55'),
(1577, 'Howard@a.c', 979, 42, '2009-08-20 20:12:00'),
(1578, 'Howard@a.c', 980, 42, '2009-08-20 20:12:03'),
(1579, 'Howard@a.c', 981, 42, '2009-08-20 20:12:08'),
(1580, 'Leonard@a.c', 982, 42, '2009-08-20 20:12:17'),
(1581, 'Leonard@a.c', 956, 42, '2009-08-20 20:12:18'),
(1582, 'Leonard@a.c', 954, 42, '2009-08-20 20:12:28'),
(1583, 'Leonard@a.c', 983, 42, '2009-08-20 20:12:40'),
(1584, 'Howard@a.c', 699, 40, '2009-08-20 20:15:43'),
(1585, 'Howard@a.c', 700, 40, '2009-08-20 20:15:49'),
(1586, 'Howard@a.c', 701, 40, '2009-08-20 20:15:53'),
(1587, 'Howard@a.c', 550, 38, '2009-08-20 20:16:11'),
(1588, 'Howard@a.c', 551, 38, '2009-08-20 20:16:17'),
(1589, 'Howard@a.c', 552, 38, '2009-08-20 20:16:27'),
(1590, 'Howard@a.c', 518, 38, '2009-08-20 20:16:32'),
(1591, 'Howard@a.c', 488, 38, '2009-08-20 20:16:43'),
(1592, 'Howard@a.c', 553, 38, '2009-08-20 20:16:50'),
(1593, 'Howard@a.c', 554, 38, '2009-08-20 20:16:52'),
(1594, 'Howard@a.c', 984, 42, '2009-08-20 20:27:33'),
(1595, 'Howard@a.c', 985, 42, '2009-08-20 20:27:43'),
(1596, 'Howard@a.c', 986, 42, '2009-08-20 20:27:48'),
(1597, 'Howard@a.c', 987, 42, '2009-08-20 20:27:54'),
(1598, 'Howard@a.c', 988, 42, '2009-08-20 20:28:02'),
(1599, 'Howard@a.c', 989, 42, '2009-08-20 20:28:04'),
(1600, 'Howard@a.c', 990, 42, '2009-08-20 20:28:10'),
(1601, 'Howard@a.c', 991, 42, '2009-08-20 20:28:12'),
(1602, 'Howard@a.c', 282, 35, '2009-08-20 20:48:01'),
(1603, 'Howard@a.c', 283, 35, '2009-08-20 20:48:15'),
(1604, 'Howard@a.c', 256, 35, '2009-08-20 20:48:29'),
(1605, 'Howard@a.c', 284, 35, '2009-08-20 20:48:41'),
(1606, 'Bernadeth@a.c', 956, 42, '2009-08-20 23:07:07'),
(1607, 'Howard@a.c', 555, 38, '2009-08-21 13:32:15'),
(1608, 'Howard@a.c', 702, 40, '2009-08-21 13:39:34'),
(1609, 'Howard@a.c', 703, 40, '2009-08-21 13:39:59'),
(1610, 'Howard@a.c', 704, 40, '2009-08-21 13:40:05'),
(1611, 'Howard@a.c', 737, 41, '2009-08-21 13:52:05'),
(1612, 'Howard@a.c', 797, 41, '2009-08-21 13:52:43'),
(1613, 'Howard@a.c', 914, 41, '2009-08-21 13:52:52'),
(1614, 'Howard@a.c', 915, 41, '2009-08-21 14:31:13'),
(1615, 'Howard@a.c', 875, 41, '2009-08-21 14:31:15'),
(1616, 'Howard@a.c', 916, 41, '2009-08-21 14:31:18'),
(1617, 'Howard@a.c', 917, 41, '2009-08-21 14:31:23'),
(1618, 'Howard@a.c', 918, 41, '2009-08-21 14:31:35'),
(1619, 'Howard@a.c', 919, 41, '2009-08-21 14:31:47'),
(1620, 'Howard@a.c', 920, 41, '2009-08-21 14:31:59'),
(1621, 'Howard@a.c', 734, 41, '2009-08-21 14:32:00'),
(1622, 'Leonard@a.c', 562, 39, '2009-08-21 17:49:12'),
(1623, 'Leonard@a.c', 622, 39, '2009-08-21 17:49:29'),
(1624, 'Leonard@a.c', 623, 39, '2009-08-21 17:49:40'),
(1625, 'Leonard@a.c', 569, 39, '2009-08-21 17:49:43'),
(1626, 'Leonard@a.c', 563, 39, '2009-08-21 17:49:54'),
(1627, 'Leonard@a.c', 572, 39, '2009-08-21 17:49:58'),
(1628, 'Leonard@a.c', 624, 39, '2009-08-21 17:50:05'),
(1629, 'Bernadeth@a.c', 992, 42, '2009-08-23 00:47:31'),
(1630, 'Bernadeth@a.c', 976, 42, '2009-08-23 00:48:10'),
(1631, 'Bernadeth@a.c', 192, 35, '2009-08-23 00:58:59'),
(1632, 'Bernadeth@a.c', 285, 35, '2009-08-23 00:59:10'),
(1633, 'Bernadeth@a.c', 226, 35, '2009-08-23 00:59:17'),
(1634, 'Bernadeth@a.c', 286, 35, '2009-08-23 00:59:30'),
(1635, 'Bernadeth@a.c', 287, 35, '2009-08-23 00:59:37'),
(1636, 'Bernadeth@a.c', 288, 35, '2009-08-23 00:59:47'),
(1637, 'George@a.c', 409, 37, '2009-08-23 09:34:16'),
(1638, 'George@a.c', 457, 37, '2009-08-23 09:34:29'),
(1639, 'George@a.c', 458, 37, '2009-08-23 09:34:40'),
(1640, 'George@a.c', 455, 37, '2009-08-23 09:34:44'),
(1641, 'George@a.c', 456, 37, '2009-08-23 09:34:50'),
(1642, 'George@a.c', 420, 37, '2009-08-23 09:35:01'),
(1643, 'George@a.c', 459, 37, '2009-08-23 09:35:11'),
(1644, 'George@a.c', 950, 42, '2009-08-23 09:38:54'),
(1645, 'George@a.c', 952, 42, '2009-08-23 09:39:23'),
(1646, 'George@a.c', 460, 37, '2009-08-23 09:40:58'),
(1647, 'George@a.c', 461, 37, '2009-08-23 09:41:03'),
(1648, 'George@a.c', 396, 37, '2009-08-23 09:41:08'),
(1649, 'George@a.c', 462, 37, '2009-08-23 09:41:25'),
(1650, 'Mark@a.c', 426, 37, '2009-08-23 13:30:11'),
(1651, 'Mark@a.c', 463, 37, '2009-08-23 13:30:33'),
(1652, 'Mark@a.c', 464, 37, '2009-08-23 13:30:51'),
(1653, 'Mark@a.c', 965, 42, '2009-08-23 14:01:58'),
(1654, 'Mark@a.c', 993, 42, '2009-08-23 14:02:09'),
(1655, 'Sheldon@a.c', 994, 42, '2009-08-23 14:07:30'),
(1656, 'Sheldon@a.c', 956, 42, '2009-08-23 14:07:34'),
(1657, 'Sheldon@a.c', 954, 42, '2009-08-23 14:07:45'),
(1658, 'Sheldon@a.c', 950, 42, '2009-08-23 14:07:57'),
(1659, 'Sheldon@a.c', 953, 42, '2009-08-23 14:08:13'),
(1660, 'Howard@a.c', 568, 39, '2009-08-23 16:09:25'),
(1661, 'Howard@a.c', 389, 36, '2009-08-23 16:33:03'),
(1662, 'Howard@a.c', 390, 36, '2009-08-23 16:33:08'),
(1663, 'Howard@a.c', 477, 38, '2009-08-23 16:57:16'),
(1664, 'Howard@a.c', 921, 41, '2009-08-23 17:11:54'),
(1665, 'Eric@a.c', 922, 41, '2009-08-23 17:11:59'),
(1666, 'Eric@a.c', 753, 41, '2009-08-23 17:11:59'),
(1667, 'Eric@a.c', 923, 41, '2009-08-23 17:12:04'),
(1668, 'Eric@a.c', 924, 41, '2009-08-23 17:12:14'),
(1669, 'Howard@a.c', 925, 41, '2009-08-23 17:12:27'),
(1670, 'Eric@a.c', 820, 41, '2009-08-23 17:12:30'),
(1671, 'Howard@a.c', 722, 41, '2009-08-23 17:12:43'),
(1672, 'Eric@a.c', 926, 41, '2009-08-23 17:12:48'),
(1673, 'Eric@a.c', 927, 41, '2009-08-23 17:17:35'),
(1674, 'Eric@a.c', 928, 41, '2009-08-23 17:18:09'),
(1675, 'Eric@a.c', 779, 41, '2009-08-23 17:18:10'),
(1676, 'Eric@a.c', 929, 41, '2009-08-23 17:18:27'),
(1677, 'Howard@a.c', 763, 41, '2009-08-23 17:19:00'),
(1678, 'Howard@a.c', 930, 41, '2009-08-23 17:19:14'),
(1679, 'Eric@a.c', 931, 41, '2009-08-23 17:21:38'),
(1680, 'Eric@a.c', 932, 41, '2009-08-23 17:21:50'),
(1681, 'Howard@a.c', 933, 41, '2009-08-23 17:21:52'),
(1682, 'Howard@a.c', 934, 41, '2009-08-23 17:22:02'),
(1683, 'Eric@a.c', 749, 41, '2009-08-23 17:22:03'),
(1684, 'Howard@a.c', 771, 41, '2009-08-23 17:22:07'),
(1685, 'Howard@a.c', 935, 41, '2009-08-23 17:22:19'),
(1686, 'Howard@a.c', 936, 41, '2009-08-23 17:22:28'),
(1687, 'Eric@a.c', 717, 41, '2009-08-23 17:24:51'),
(1688, 'Eric@a.c', 735, 41, '2009-08-23 17:24:53'),
(1689, 'Eric@a.c', 937, 41, '2009-08-23 17:25:09'),
(1690, 'Eric@a.c', 938, 41, '2009-08-23 17:25:17'),
(1691, 'Eric@a.c', 939, 41, '2009-08-23 17:25:25'),
(1692, 'Howard@a.c', 940, 41, '2009-08-23 17:25:33'),
(1693, 'Howard@a.c', 465, 37, '2009-08-23 17:26:04'),
(1694, 'Howard@a.c', 429, 37, '2009-08-23 17:26:07'),
(1695, 'Howard@a.c', 443, 37, '2009-08-23 17:26:17'),
(1696, 'Howard@a.c', 438, 37, '2009-08-23 17:26:23'),
(1697, 'Howard@a.c', 458, 37, '2009-08-23 17:26:38'),
(1698, 'Howard@a.c', 466, 37, '2009-08-23 17:26:48'),
(1699, 'Penny@a.c', 289, 35, '2009-08-23 17:35:46'),
(1700, 'Penny@a.c', 241, 35, '2009-08-23 17:35:52'),
(1701, 'Howard@a.c', 174, 35, '2009-08-23 17:35:56'),
(1702, 'Penny@a.c', 290, 35, '2009-08-23 17:36:03'),
(1703, 'Penny@a.c', 282, 35, '2009-08-23 17:36:08'),
(1704, 'Penny@a.c', 291, 35, '2009-08-23 17:36:14'),
(1705, 'Penny@a.c', 292, 35, '2009-08-23 17:36:17'),
(1706, 'Penny@a.c', 293, 35, '2009-08-23 17:36:28'),
(1707, 'Howard@a.c', 259, 35, '2009-08-23 17:38:26'),
(1708, 'Penny@a.c', 294, 35, '2009-08-23 17:38:43'),
(1709, 'Howard@a.c', 295, 35, '2009-08-23 17:38:45'),
(1710, 'Penny@a.c', 296, 35, '2009-08-23 17:38:49'),
(1711, 'Howard@a.c', 297, 35, '2009-08-23 17:39:00'),
(1712, 'Howard@a.c', 467, 37, '2009-08-23 17:45:45'),
(1713, 'Howard@a.c', 431, 37, '2009-08-23 17:45:52'),
(1714, 'Howard@a.c', 461, 37, '2009-08-23 17:46:00'),
(1715, 'Howard@a.c', 468, 37, '2009-08-23 17:46:08'),
(1716, 'Howard@a.c', 469, 37, '2009-08-23 17:46:24'),
(1717, 'Howard@a.c', 470, 37, '2009-08-23 17:46:25'),
(1718, 'Howard@a.c', 941, 41, '2009-08-23 18:08:54'),
(1719, 'Penny@a.c', 270, 35, '2009-08-23 20:07:28'),
(1720, 'Penny@a.c', 200, 35, '2009-08-23 20:07:41'),
(1721, 'Penny@a.c', 281, 35, '2009-08-23 20:08:01'),
(1722, 'Penny@a.c', 298, 35, '2009-08-23 20:08:18'),
(1723, 'Eric@a.c', 397, 37, '2009-08-23 20:11:46'),
(1724, 'Eric@a.c', 471, 37, '2009-08-23 20:12:05'),
(1725, 'Eric@a.c', 472, 37, '2009-08-23 20:12:23'),
(1726, 'Eric@a.c', 500, 38, '2009-08-24 07:58:32'),
(1727, 'Eric@a.c', 503, 38, '2009-08-24 07:59:09'),
(1728, 'John@a.c', 775, 41, '2009-08-24 09:17:15'),
(1729, 'John@a.c', 856, 41, '2009-08-24 09:17:17'),
(1730, 'John@a.c', 727, 41, '2009-08-24 09:17:21'),
(1731, 'John@a.c', 732, 41, '2009-08-24 09:17:23'),
(1732, 'John@a.c', 745, 41, '2009-08-24 09:17:27'),
(1733, 'John@a.c', 927, 41, '2009-08-24 09:17:30'),
(1734, 'John@a.c', 716, 41, '2009-08-24 09:17:36'),
(1735, 'John@a.c', 715, 41, '2009-08-24 09:17:36'),
(1736, 'John@a.c', 720, 41, '2009-08-24 09:17:37'),
(1737, 'John@a.c', 863, 41, '2009-08-24 09:17:39'),
(1738, 'John@a.c', 714, 41, '2009-08-24 09:17:42'),
(1739, 'John@a.c', 728, 41, '2009-08-24 09:17:47'),
(1740, 'John@a.c', 818, 41, '2009-08-24 09:17:51'),
(1741, 'John@a.c', 737, 41, '2009-08-24 09:17:51'),
(1742, 'John@a.c', 942, 41, '2009-08-24 09:17:53'),
(1743, 'John@a.c', 943, 41, '2009-08-24 09:18:10'),
(1744, 'John@a.c', 736, 41, '2009-08-24 09:18:10'),
(1745, 'Howard@a.c', 289, 35, '2009-08-24 10:33:49'),
(1746, 'Howard@a.c', 228, 35, '2009-08-24 10:33:55'),
(1747, 'Howard@a.c', 299, 35, '2009-08-24 10:34:01'),
(1748, 'Howard@a.c', 300, 35, '2009-08-24 10:34:13'),
(1749, 'Howard@a.c', 301, 35, '2009-08-24 10:34:19'),
(1750, 'Howard@a.c', 302, 35, '2009-08-24 10:34:32'),
(1751, 'George@a.c', 162, 35, '2009-08-24 12:28:02'),
(1752, 'George@a.c', 177, 35, '2009-08-24 12:28:11'),
(1753, 'George@a.c', 145, 35, '2009-08-24 12:28:16'),
(1754, 'George@a.c', 209, 35, '2009-08-24 12:28:23'),
(1755, 'George@a.c', 303, 35, '2009-08-24 12:29:00'),
(1756, 'George@a.c', 135, 35, '2009-08-24 12:29:06'),
(1757, 'George@a.c', 304, 35, '2009-08-24 12:29:39'),
(1758, 'George@a.c', 307, 36, '2009-08-24 12:32:15'),
(1759, 'George@a.c', 391, 36, '2009-08-24 12:32:27'),
(1760, 'George@a.c', 315, 36, '2009-08-24 12:32:40'),
(1761, 'George@a.c', 309, 36, '2009-08-24 12:32:45'),
(1762, 'George@a.c', 392, 36, '2009-08-24 12:33:01'),
(1763, 'Rhaj@a.c', 995, 42, '2009-08-24 13:10:58'),
(1764, 'Rhaj@a.c', 996, 42, '2009-08-24 13:11:20'),
(1765, 'Rhaj@a.c', 625, 39, '2009-08-24 13:13:06'),
(1766, 'Rhaj@a.c', 626, 39, '2009-08-24 13:13:17'),
(1767, 'Rhaj@a.c', 627, 39, '2009-08-24 13:13:25'),
(1768, 'Rhaj@a.c', 628, 39, '2009-08-24 13:13:32'),
(1769, 'Rhaj@a.c', 556, 39, '2009-08-24 13:13:41'),
(1770, 'Rhaj@a.c', 797, 41, '2009-08-24 13:20:28'),
(1771, 'Rhaj@a.c', 927, 41, '2009-08-24 13:20:43'),
(1772, 'Rhaj@a.c', 944, 41, '2009-08-24 13:20:46'),
(1773, 'Rhaj@a.c', 836, 41, '2009-08-24 13:20:55'),
(1774, 'Howard@a.c', 945, 41, '2009-08-24 15:42:32'),
(1775, 'Howard@a.c', 946, 41, '2009-08-24 15:43:03'),
(1776, 'Mark@a.c', 1003, 43, '2009-08-24 16:37:00'),
(1777, 'Mark@a.c', 997, 42, '2009-08-24 16:38:21'),
(1778, 'Mark@a.c', 998, 42, '2009-08-24 16:38:30'),
(1779, 'Mark@a.c', 999, 42, '2009-08-24 16:38:49'),
(1780, 'Mark@a.c', 473, 37, '2009-08-24 16:49:55'),
(1781, 'Mark@a.c', 474, 37, '2009-08-24 16:50:26'),
(1782, 'Mark@a.c', 475, 37, '2009-08-24 16:50:36'),
(1783, 'Mark@a.c', 556, 39, '2009-08-24 17:07:17'),
(1784, 'Mark@a.c', 629, 39, '2009-08-24 17:07:37'),
(1785, 'Mark@a.c', 557, 39, '2009-08-24 17:07:53'),
(1786, 'Mark@a.c', 630, 39, '2009-08-24 17:08:03'),
(1787, 'Eric@a.c', 705, 40, '2009-08-24 17:53:41'),
(1788, 'Sheldon@a.c', 706, 40, '2009-08-24 18:15:36'),
(1789, 'Sheldon@a.c', 669, 40, '2009-08-24 18:15:48'),
(1790, 'Sheldon@a.c', 647, 40, '2009-08-24 18:15:59'),
(1791, 'Sheldon@a.c', 637, 40, '2009-08-24 18:16:08'),
(1792, 'Sheldon@a.c', 632, 40, '2009-08-24 18:16:14'),
(1793, 'Sheldon@a.c', 633, 40, '2009-08-24 18:16:21'),
(1794, 'Sheldon@a.c', 636, 40, '2009-08-24 18:17:41'),
(1795, 'Sheldon@a.c', 707, 40, '2009-08-24 18:17:51'),
(1796, 'Sheldon@a.c', 708, 40, '2009-08-24 18:18:05'),
(1797, 'Sheldon@a.c', 697, 40, '2009-08-24 18:18:16'),
(1798, 'Penny@a.c', 393, 36, '2009-08-25 10:42:27'),
(1799, 'Penny@a.c', 394, 36, '2009-08-25 10:42:48'),
(1800, 'Howard@a.c', 633, 40, '2011-02-02 18:56:44'),
(1801, 'Howard@a.c', 632, 40, '2011-02-02 18:56:55'),
(1802, 'Howard@a.c', 709, 40, '2011-02-02 18:57:02'),
(1803, 'Howard@a.c', 710, 40, '2011-02-02 18:57:12'),
(1804, 'Howard@a.c', 711, 40, '2011-02-02 18:57:23'),
(1805, 'Scott@a.c', 1, 1, '2011-03-12 23:55:22'),
(1806, 'Scott@a.c', 10, 2, '2011-03-12 23:55:22'),
(1807, 'Scott@a.c', 19, 3, '2011-03-12 23:55:22'),
(1808, 'Scott@a.c', 28, 4, '2011-03-12 23:55:22'),
(1809, 'Scott@a.c', 37, 5, '2011-03-12 23:55:22'),
(1810, 'Scott@a.c', 46, 6, '2011-03-12 23:55:22'),
(1811, 'Scott@a.c', 55, 7, '2011-03-12 23:55:22'),
(1812, 'Scott@a.c', 64, 8, '2011-03-12 23:55:22'),
(1813, 'Scott@a.c', 73, 9, '2011-03-12 23:55:22'),
(1814, 'Scott@a.c', 82, 10, '2011-03-12 23:55:22'),
(1820, 'Scott@a.c', 483, 38, '2011-03-13 00:55:25'),
(1821, 'Scott@a.c', 524, 38, '2011-03-13 00:55:25'),
(1822, 'Scott@a.c', 525, 38, '2011-03-13 00:55:25'),
(1823, 'Scott@a.c', 526, 38, '2011-03-13 00:55:25');

-- --------------------------------------------------------

--
-- Stand-in structure for view `itemsmentions_v`
--
CREATE TABLE IF NOT EXISTS `itemsmentions_v` (
`ID` int(11) unsigned
,`UserId` int(11) unsigned
,`itemID` int(10) unsigned
,`TopicId` int(10) unsigned
,`time` timestamp
);
-- --------------------------------------------------------

--
-- Stand-in structure for view `multiple_answers_view`
--
CREATE TABLE IF NOT EXISTS `multiple_answers_view` (
`TopicId` int(10) unsigned
,`TopicName` varchar(200)
,`TopicText` varchar(200)
,`TopicType` smallint(1) unsigned zerofill
,`Category` varchar(70)
,`Rank` double
,`Value` varchar(100)
);
-- --------------------------------------------------------

--
-- Table structure for table `queryforms`
--

CREATE TABLE IF NOT EXISTS `queryforms` (
  `id` int(11) NOT NULL,
  `FormName` varchar(100) COLLATE latin1_bin NOT NULL,
  `FormDescription` varchar(1000) COLLATE latin1_bin DEFAULT NULL,
  `FormTitle` varchar(50) COLLATE latin1_bin DEFAULT NULL,
  `FormQuestionText` varchar(500) COLLATE latin1_bin DEFAULT NULL,
  `ParamsTableName` varchar(45) COLLATE latin1_bin DEFAULT NULL,
  `ParamsColNames` varchar(250) COLLATE latin1_bin DEFAULT NULL,
  `QueryBody` varchar(1000) COLLATE latin1_bin DEFAULT NULL,
  `TopicType` int(1) unsigned zerofill NOT NULL DEFAULT '0' COMMENT 'Possilbe values 0 - single correct 1 - multiple correct answers',
  PRIMARY KEY (`id`)
) ENGINE=MyISAM DEFAULT CHARSET=latin1 COLLATE=latin1_bin COMMENT='Keeps information that describes Question Answering forms';

--
-- Dumping data for table `queryforms`
--

INSERT INTO `queryforms` (`id`, `FormName`, `FormDescription`, `FormTitle`, `FormQuestionText`, `ParamsTableName`, `ParamsColNames`, `QueryBody`, `TopicType`) VALUES
(1, 'Celebrities', 'Names of Celebrities', 'Celebrity', 'What is {0}?', 'celebrity_topics_view', 'TopicName', 'select i.name as Name,  sf.score as Confidence from items i, topics t, scoredfacts sf where sf.topicid=t.topicid and t.topicname="{0}" and i.id=sf.itemid order by Confidence desc LIMIT 0, 20', 0),
(2, 'Capital Cities', 'Capital Cities Around the World', 'Cleaning Results', 'What is the capital of {0}?', 'Capital_cities_view', 'TopicName', 'select i.name as Name,  sf.score as Confidence from items i, topics t, scoredfacts sf where sf.topicid=t.topicid and t.topicname="{0}" and i.id=sf.itemid order by Confidence desc LIMIT 0, 20', 0),
(3, 'All Users', 'Scores of Trivia Users', 'User Cleaning Scores', 'Click ''Query'' to See Scores of All Trivia Users', 'userscores', 'userid', 'select u.username ''User Name'', us.belief Confidence from userscores us, users u where us.userid=u.id order by us.belief desc', 1),
(4, 'Query Fact Scores', 'Administrator', 'Fact Scores', 'Choose topic to see items in it {0}', 'Topics', 'TopicName', 'select i.name as Name, sf.Score as Confidence from items i, scoredfacts sf, topics t where sf.itemid=i.id and sf.topicid=t.topicid and t.topicname="{0}" order by Score desc', 0),
(5, 'Trivia Questions', 'Query Various Trivia Topics', 'Trivia Questions', 'Names of {0}:', 'multiple_answers_view', 'TopicName', 'select i.name as Name,  sf.score as Confidence from items i, topics t, scoredfacts sf where sf.topicid=t.topicid and t.topicname="{0}" and i.id=sf.itemid order by Confidence desc LIMIT 0, 20', 1);

-- --------------------------------------------------------

--
-- Table structure for table `topics`
--

CREATE TABLE IF NOT EXISTS `topics` (
  `TopicId` int(10) unsigned NOT NULL AUTO_INCREMENT,
  `TopicName` varchar(200) COLLATE utf8_bin NOT NULL,
  `TopicText` varchar(200) COLLATE utf8_bin NOT NULL DEFAULT '-',
  `TopicType` smallint(1) unsigned zerofill NOT NULL,
  `Category` varchar(70) COLLATE utf8_bin NOT NULL DEFAULT '-',
  `Rank` double NOT NULL DEFAULT '0',
  `Value` varchar(100) COLLATE utf8_bin DEFAULT NULL,
  PRIMARY KEY (`TopicId`),
  UNIQUE KEY `id` (`TopicId`,`TopicName`),
  KEY `name` (`TopicName`)
) ENGINE=InnoDB  DEFAULT CHARSET=utf8 COLLATE=utf8_bin AUTO_INCREMENT=44 ;

--
-- Dumping data for table `topics`
--

INSERT INTO `topics` (`TopicId`, `TopicName`, `TopicText`, `TopicType`, `Category`, `Rank`, `Value`) VALUES
(1, 'Russia', 'What is the Capital of Russia?', 0, 'Demo', 0, 'Russia'),
(2, 'USA', 'What is the Capital of USA?', 0, 'Demo', 0, 'USA'),
(3, 'France', 'What is the Capital of France?', 0, 'Demo', 0, 'France'),
(4, 'Spain', 'What is the Capital of Spain?', 0, 'Demo', 0, 'Spain'),
(5, 'Germany', 'What is the Capital of Germany?', 0, 'Demo', 0, 'Germany'),
(6, 'UK', 'What is the Capital of UK?', 0, 'Demo', 0, 'UK'),
(7, 'India', 'What is the Capital of India?', 0, 'Demo', 0, 'India'),
(8, 'Israel', 'What is the Capital of Israel?', 0, 'Demo', 0, 'Israel'),
(9, 'Japan', 'What is the Capital of Japan?', 0, 'Demo', 0, 'Japan'),
(10, 'Canada', 'What is the Capital of Canada?', 0, 'Demo', 0, 'Canada'),
(11, 'Mark Twain First Name', 'What is Mark Twain First Name?', 0, 'Demo', 0, 'Mark Twain First Name'),
(12, 'Lady Gaga First Name', 'What is Lady Gaga First Name?', 0, 'Demo', 0, 'Lady Gaga First Name'),
(13, 'Madonna''s First Name', 'What is Madonna''s First Name?', 0, 'Demo', 0, 'Madonna''s First Name'),
(14, 'Sting''s First Name', 'What is Sting''s First Name?', 0, 'Demo', 0, 'Sting''s First Name'),
(15, 'Eminem''s First Name', 'What is Eminem''s First Name?', 0, 'Demo', 0, 'Eminem''s First Name'),
(16, 'George Michael Last Name', 'What is George Michael Last Name?', 0, 'Demo', 0, 'George Michael Last Name'),
(35, 'TV Series', 'Guess as many TV Series as you can', 1, 'Demo', 0, 'TV Series'),
(36, 'American Universities', 'Guess as many American Universities as you can', 1, 'Demo', 0, 'American Universities'),
(37, 'Movie Actors', 'Guess as many Movie Actors as you can', 1, 'Demo', 0, 'Movie Actors'),
(38, 'Movie Actresses', 'Guess as many Movie Actresses as you can', 1, 'Demo1', 0, 'Movie Actresses'),
(39, 'Airlines', 'Guess as many Airlines as you can', 1, 'Demo1', 0, 'Airlines'),
(40, 'Airports', 'Guess as many Airports as you can', 1, 'Demo1', 0, 'Airports'),
(41, 'Animals', 'Guess as many Animals as you can', 1, 'Demo1', 0, 'Animals'),
(42, 'Athletes', 'Guess as many Athletes as you can', 1, 'Demo1', 0, 'Athletes'),
(43, 'Astronauts', 'Guess as many Astronauts as you can', 1, 'Demo1', 0, 'Astronauts');

-- --------------------------------------------------------

--
-- Table structure for table `users`
--

CREATE TABLE IF NOT EXISTS `users` (
  `ID` int(11) unsigned NOT NULL AUTO_INCREMENT,
  `userID` varchar(50) COLLATE utf8_bin NOT NULL COMMENT 'actually user Email ',
  `Points` int(10) unsigned NOT NULL DEFAULT '0',
  `time` datetime NOT NULL,
  `dividendPoints` int(10) NOT NULL DEFAULT '0',
  `pointsSinceLastLogin` int(11) NOT NULL DEFAULT '0',
  `userName` varchar(100) COLLATE utf8_bin NOT NULL,
  `password` varchar(50) COLLATE utf8_bin DEFAULT NULL,
  PRIMARY KEY (`ID`),
  KEY `Points_4` (`Points`,`dividendPoints`)
) ENGINE=InnoDB  DEFAULT CHARSET=utf8 COLLATE=utf8_bin AUTO_INCREMENT=24 ;

--
-- Dumping data for table `users`
--

INSERT INTO `users` (`ID`, `userID`, `Points`, `time`, `dividendPoints`, `pointsSinceLastLogin`, `userName`, `password`) VALUES
(1, 'Jack@a.c', 0, '2011-03-02 15:29:07', 0, 0, 'Jack', 'a123'),
(2, 'Roy@a.c', 0, '0000-00-00 00:00:00', 0, 0, 'Roy', 'a123'),
(3, 'Eric@a.c', 0, '0000-00-00 00:00:00', 0, 0, 'Eric', 'a123'),
(4, 'Daniel@a.c', 0, '0000-00-00 00:00:00', 0, 0, 'Daniel', 'a123'),
(5, 'Mike@a.c', 0, '0000-00-00 00:00:00', 0, 0, 'Mike', 'a123'),
(6, 'John@a.c', 0, '0000-00-00 00:00:00', 0, 0, 'John', 'a123'),
(7, 'George@a.c', 0, '0000-00-00 00:00:00', 0, 0, 'George', 'a123'),
(8, 'Larry@a.c', 0, '0000-00-00 00:00:00', 0, 0, 'Larry', 'a123'),
(9, 'James@a.c', 0, '0000-00-00 00:00:00', 0, 0, 'James', 'a123'),
(10, 'Mark@a.c', 0, '0000-00-00 00:00:00', 0, 0, 'Mark', 'a123'),
(11, 'Isaac@a.c', 0, '0000-00-00 00:00:00', 0, 0, 'Isaac', 'a123'),
(12, 'Sheldon@a.c', 0, '0000-00-00 00:00:00', 0, 0, 'Sheldon', 'a123'),
(13, 'Leonard@a.c', 0, '0000-00-00 00:00:00', 0, 0, 'Leonard', 'a123'),
(14, 'Zak@a.c', 0, '0000-00-00 00:00:00', 0, 0, 'Zak', 'a123'),
(15, 'Penny@a.c', 0, '0000-00-00 00:00:00', 0, 0, 'Penny', 'a123'),
(16, 'Amy@a.c', 0, '0000-00-00 00:00:00', 0, 0, 'Amy', 'a123'),
(17, 'Bernadeth@a.c', 0, '0000-00-00 00:00:00', 0, 0, 'Bernadeth', 'a123'),
(18, 'Rhaj@a.c', 0, '0000-00-00 00:00:00', 0, 0, 'Rhaj', 'a123'),
(19, 'Howard@a.c', 0, '0000-00-00 00:00:00', 0, 0, 'Howard', 'a123'),
(20, 'Monica@a.c', 0, '0000-00-00 00:00:00', 0, 0, 'Monica', 'a123'),
(21, 'Albert@a.c', 0, '0000-00-00 00:00:00', 0, 0, 'Albert', 'a123'),
(22, 'Kvazimodo@a.c', 0, '0000-00-00 00:00:00', 0, 0, 'Kvazimodo', 'a123'),
(23, 'Scott@a.c', 0, '0000-00-00 00:00:00', 0, 0, 'Scott', 'a123');

-- --------------------------------------------------------

--
-- Stand-in structure for view `users_v`
--
CREATE TABLE IF NOT EXISTS `users_v` (
`UserId` int(11) unsigned
);
-- --------------------------------------------------------

--
-- Structure for view `capital_cities_view`
--
DROP TABLE IF EXISTS `capital_cities_view`;

CREATE ALGORITHM=UNDEFINED DEFINER=`root`@`localhost` SQL SECURITY DEFINER VIEW `capital_cities_view` AS select `topics`.`TopicName` AS `TopicName` from `topics` where (`topics`.`TopicId` <= 10);

-- --------------------------------------------------------

--
-- Structure for view `celebrity_topics_view`
--
DROP TABLE IF EXISTS `celebrity_topics_view`;

CREATE ALGORITHM=UNDEFINED DEFINER=`root`@`localhost` SQL SECURITY DEFINER VIEW `celebrity_topics_view` AS select `topics`.`TopicName` AS `topicname` from `topics` where ((`topics`.`TopicId` > 10) and (`topics`.`TopicId` < 35));

-- --------------------------------------------------------

--
-- Structure for view `items_v`
--
DROP TABLE IF EXISTS `items_v`;

CREATE ALGORITHM=UNDEFINED DEFINER=`root`@`localhost` SQL SECURITY DEFINER VIEW `items_v` AS select `items`.`id` AS `ItemID`,`items`.`name` AS `ItemName`,`items`.`topicID` AS `topicID` from `items`;

-- --------------------------------------------------------

--
-- Structure for view `itemsmentions_v`
--
DROP TABLE IF EXISTS `itemsmentions_v`;

CREATE ALGORITHM=UNDEFINED DEFINER=`root`@`localhost` SQL SECURITY DEFINER VIEW `itemsmentions_v` AS select `im`.`ID` AS `ID`,`u`.`ID` AS `UserId`,`im`.`itemID` AS `itemID`,`im`.`topicID` AS `TopicId`,`im`.`time` AS `time` from (`itemsmentions` `im` join `users` `u`) where (`im`.`userID` = `u`.`userID`);

-- --------------------------------------------------------

--
-- Structure for view `multiple_answers_view`
--
DROP TABLE IF EXISTS `multiple_answers_view`;

CREATE ALGORITHM=UNDEFINED DEFINER=`root`@`localhost` SQL SECURITY DEFINER VIEW `multiple_answers_view` AS select `topics`.`TopicId` AS `TopicId`,`topics`.`TopicName` AS `TopicName`,`topics`.`TopicText` AS `TopicText`,`topics`.`TopicType` AS `TopicType`,`topics`.`Category` AS `Category`,`topics`.`Rank` AS `Rank`,`topics`.`Value` AS `Value` from `topics` where ((`topics`.`TopicId` > 34) and (`topics`.`Category` = 'Demo'));

-- --------------------------------------------------------

--
-- Structure for view `users_v`
--
DROP TABLE IF EXISTS `users_v`;

CREATE ALGORITHM=UNDEFINED DEFINER=`root`@`localhost` SQL SECURITY DEFINER VIEW `users_v` AS select `users`.`ID` AS `UserId` from `users`;
